Time,SumPopulation,HerbPopulation,CarnPopulation,OmniPopulation,FPS
0,50,50,0,0,52
1,50,50,0,0,59
2,50,50,0,0,38
3,50,50,0,0,59
4,50,50,0,0,60
5,50,50,0,0,56
6,50,50,0,0,55
7,51,51,0,0,58
8,51,51,0,0,58
9,52,52,0,0,61
10,53,53,0,0,61
11,55,55,0,0,57
12,56,56,0,0,62
13,58,58,0,0,56
14,58,58,0,0,67
15,60,60,0,0,75
16,64,64,0,0,66
17,65,65,0,0,60
18,65,65,0,0,53
19,65,65,0,0,51
20,67,67,0,0,48
21,67,67,0,0,54
22,69,69,0,0,47
23,69,69,0,0,43
24,69,69,0,0,52
25,69,69,0,0,45
26,70,70,0,0,49
27,70,70,0,0,53
28,70,70,0,0,53
29,70,70,0,0,19
30,70,70,0,0,43
31,70,70,0,0,44
32,71,71,0,0,48
33,72,72,0,0,44
34,71,71,0,0,49
35,71,71,0,0,49
36,71,71,0,0,53
37,71,71,0,0,62
38,69,69,0,0,65
39,66,66,0,0,59
40,65,65,0,0,43
41,65,65,0,0,49
42,63,63,0,0,45
43,62,62,0,0,54
44,63,63,0,0,33
45,62,62,0,0,50
46,59,59,0,0,53
47,60,60,0,0,53
48,61,61,0,0,56
49,61,61,0,0,53
50,61,61,0,0,61
51,59,59,0,0,55
52,58,58,0,0,55
53,58,58,0,0,58
54,56,56,0,0,23
55,56,56,0,0,52
56,56,56,0,0,56
57,57,57,0,0,54
58,56,56,0,0,61
59,55,55,0,0,60
60,56,56,0,0,56
61,57,57,0,0,54
62,57,57,0,0,49
63,57,57,0,0,69
64,57,57,0,0,76
65,57,57,0,0,48
66,56,56,0,0,51
67,56,56,0,0,59
68,55,55,0,0,20
69,53,53,0,0,64
70,52,52,0,0,63
71,50,50,0,0,66
72,51,51,0,0,67
73,52,52,0,0,81
74,52,52,0,0,49
75,51,51,0,0,68
76,51,51,0,0,68
77,50,50,0,0,50
78,49,49,0,0,63
79,48,48,0,0,68
80,47,47,0,0,67
81,47,47,0,0,68
82,47,47,0,0,70
83,46,46,0,0,74
84,46,46,0,0,68
85,46,46,0,0,62
86,45,45,0,0,68
87,46,46,0,0,69
88,47,47,0,0,68
89,47,47,0,0,71
90,48,48,0,0,69
91,49,49,0,0,67
92,49,49,0,0,62
93,50,50,0,0,60
94,51,51,0,0,63
95,51,51,0,0,67
96,51,51,0,0,64
97,52,52,0,0,69
98,51,51,0,0,71
99,51,51,0,0,66
100,51,51,0,0,64
101,52,52,0,0,61
102,53,53,0,0,65
103,53,53,0,0,61
104,52,52,0,0,62
105,52,52,0,0,63
106,53,53,0,0,62
107,53,53,0,0,63
108,53,53,0,0,62
109,52,52,0,0,67
110,53,53,0,0,62
111,53,53,0,0,62
112,53,53,0,0,68
113,53,53,0,0,56
114,53,53,0,0,60
115,53,53,0,0,10
116,53,53,0,0,57
117,53,53,0,0,51
118,53,53,0,0,53
119,53,53,0,0,54
120,53,53,0,0,56
121,53,53,0,0,53
122,53,53,0,0,60
123,54,54,0,0,56
124,54,54,0,0,52
125,54,54,0,0,71
126,56,56,0,0,59
127,56,56,0,0,24
128,56,56,0,0,34
129,57,57,0,0,47
130,59,59,0,0,45
131,60,60,0,0,56
132,60,60,0,0,70
133,60,60,0,0,58
134,60,60,0,0,66
135,59,59,0,0,61
136,59,59,0,0,58
137,60,60,0,0,52
138,59,59,0,0,57
139,59,59,0,0,60
140,58,58,0,0,55
141,58,58,0,0,59
142,58,58,0,0,53
143,57,57,0,0,67
144,57,57,0,0,67
145,58,58,0,0,59
146,58,58,0,0,57
147,58,58,0,0,60
148,58,58,0,0,58
149,57,57,0,0,57
150,56,56,0,0,60
151,54,54,0,0,61
152,55,55,0,0,63
153,54,54,0,0,62
154,54,54,0,0,59
155,54,54,0,0,57
156,54,54,0,0,62
157,55,55,0,0,63
158,55,55,0,0,61
159,55,55,0,0,63
160,55,55,0,0,64
161,55,55,0,0,62
162,55,55,0,0,62
163,54,54,0,0,56
164,54,54,0,0,61
165,55,55,0,0,62
166,54,54,0,0,61
167,53,53,0,0,70
168,52,52,0,0,20
169,50,50,0,0,68
170,51,51,0,0,52
171,50,50,0,0,59
172,50,50,0,0,73
173,50,50,0,0,60
174,49,49,0,0,64
175,48,48,0,0,67
176,48,48,0,0,65
177,48,48,0,0,73
178,47,47,0,0,67
179,47,47,0,0,70
180,49,49,0,0,60
181,49,49,0,0,70
182,49,49,0,0,64
183,49,49,0,0,72
184,49,49,0,0,68
185,49,49,0,0,73
186,49,49,0,0,62
187,49,49,0,0,64
188,50,50,0,0,57
189,49,49,0,0,64
190,50,50,0,0,64
191,50,50,0,0,59
192,50,50,0,0,65
193,49,49,0,0,66
194,49,49,0,0,33
195,49,49,0,0,58
196,48,48,0,0,72
197,48,48,0,0,64
198,48,48,0,0,66
199,48,48,0,0,71
200,48,48,0,0,65
201,49,49,0,0,25
202,49,49,0,0,63
203,48,48,0,0,69
204,48,48,0,0,64
205,48,48,0,0,69
206,49,49,0,0,55
207,49,49,0,0,61
208,51,51,0,0,68
209,51,51,0,0,65
210,51,51,0,0,62
211,50,50,0,0,70
212,50,50,0,0,63
213,50,50,0,0,69
214,51,51,0,0,58
215,51,51,0,0,68
216,51,51,0,0,66
217,51,51,0,0,64
218,51,51,0,0,70
219,51,51,0,0,67
220,51,51,0,0,64
221,50,50,0,0,68
222,50,50,0,0,61
223,49,49,0,0,60
224,50,50,0,0,71
225,50,50,0,0,66
226,50,50,0,0,67
227,51,51,0,0,63
228,51,51,0,0,67
229,49,49,0,0,62
230,49,49,0,0,65
231,49,49,0,0,67
232,48,48,0,0,64
233,48,48,0,0,62
234,47,47,0,0,58
235,47,47,0,0,71
236,47,47,0,0,62
237,46,46,0,0,74
238,46,46,0,0,62
239,46,46,0,0,57
240,46,46,0,0,69
241,45,45,0,0,64
242,45,45,0,0,69
243,45,45,0,0,63
244,45,45,0,0,66
245,46,46,0,0,66
246,46,46,0,0,72
247,46,46,0,0,68
248,46,46,0,0,67
249,47,47,0,0,59
250,47,47,0,0,71
251,47,47,0,0,61
252,46,46,0,0,75
253,45,45,0,0,70
254,46,46,0,0,75
255,46,46,0,0,66
256,48,48,0,0,66
257,47,47,0,0,59
258,47,47,0,0,49
259,46,46,0,0,65
260,47,47,0,0,74
261,47,47,0,0,67
262,47,47,0,0,72
263,47,47,0,0,71
264,47,47,0,0,61
265,47,47,0,0,75
266,47,47,0,0,75
267,47,47,0,0,73
268,48,48,0,0,62
269,48,48,0,0,73
270,48,48,0,0,60
271,48,48,0,0,59
272,48,48,0,0,63
273,47,47,0,0,68
274,47,47,0,0,63
275,47,47,0,0,54
276,47,47,0,0,65
277,48,48,0,0,65
278,49,49,0,0,68
279,50,50,0,0,63
280,49,49,0,0,62
281,49,49,0,0,61
282,49,49,0,0,47
283,49,49,0,0,59
284,49,49,0,0,63
285,50,50,0,0,64
286,50,50,0,0,70
287,50,50,0,0,70
288,51,51,0,0,64
289,51,51,0,0,65
290,50,50,0,0,53
291,50,50,0,0,59
292,51,51,0,0,58
293,51,51,0,0,69
294,52,52,0,0,58
295,52,52,0,0,66
296,52,52,0,0,61
297,52,52,0,0,62
298,52,52,0,0,59
299,51,51,0,0,65
300,53,53,0,0,67
301,53,53,0,0,58
302,54,54,0,0,66
303,54,54,0,0,49
304,54,54,0,0,63
305,53,53,0,0,60
306,55,55,0,0,68
307,55,55,0,0,67
308,55,55,0,0,50
309,56,56,0,0,64
310,56,56,0,0,65
311,56,56,0,0,58
312,56,56,0,0,55
313,56,56,0,0,56
314,56,56,0,0,59
315,56,56,0,0,58
316,56,56,0,0,59
317,56,56,0,0,59
318,55,55,0,0,60
319,55,55,0,0,61
320,56,56,0,0,59
321,58,58,0,0,54
322,58,58,0,0,61
323,56,56,0,0,64
324,54,54,0,0,56
325,55,55,0,0,62
326,55,55,0,0,59
327,55,55,0,0,55
328,54,54,0,0,60
329,53,53,0,0,62
330,53,53,0,0,66
331,52,52,0,0,48
332,52,52,0,0,63
333,51,51,0,0,25
334,51,51,0,0,60
335,51,51,0,0,65
336,51,51,0,0,55
337,52,52,0,0,68
338,52,52,0,0,60
339,52,52,0,0,27
340,52,52,0,0,55
341,54,54,0,0,56
342,55,55,0,0,66
343,53,53,0,0,45
344,53,53,0,0,44
345,53,53,0,0,52
346,53,53,0,0,67
347,53,53,0,0,70
348,53,53,0,0,55
349,53,53,0,0,56
350,53,53,0,0,48
351,53,53,0,0,61
352,52,52,0,0,69
353,53,53,0,0,59
354,53,53,0,0,57
355,52,52,0,0,25
356,52,52,0,0,69
357,51,51,0,0,59
358,51,51,0,0,68
359,50,50,0,0,53
360,52,52,0,0,61
361,52,52,0,0,63
362,54,54,0,0,56
363,54,54,0,0,67
364,54,54,0,0,54
365,54,54,0,0,61
366,56,56,0,0,53
367,56,56,0,0,51
368,56,56,0,0,58
369,55,55,0,0,62
370,55,55,0,0,59
371,55,55,0,0,66
372,55,55,0,0,65
373,56,56,0,0,64
374,56,56,0,0,46
375,57,57,0,0,65
376,56,56,0,0,64
377,56,56,0,0,59
378,56,56,0,0,59
379,56,56,0,0,63
380,56,56,0,0,60
381,55,55,0,0,61
382,56,56,0,0,59
383,56,56,0,0,58
384,55,55,0,0,60
385,55,55,0,0,62
386,56,56,0,0,61
387,57,57,0,0,60
388,58,58,0,0,56
389,58,58,0,0,61
390,57,57,0,0,56
391,57,57,0,0,66
392,57,57,0,0,55
393,56,56,0,0,60
394,55,55,0,0,57
395,54,54,0,0,67
396,53,53,0,0,55
397,55,55,0,0,63
398,56,56,0,0,56
399,56,56,0,0,60
400,55,55,0,0,53
401,55,55,0,0,58
402,56,56,0,0,54
403,55,55,0,0,58
404,55,55,0,0,59
405,54,54,0,0,68
406,54,54,0,0,67
407,54,54,0,0,57
408,52,52,0,0,57
409,51,51,0,0,66
410,51,51,0,0,56
411,51,51,0,0,47
412,52,52,0,0,56
413,53,53,0,0,58
414,53,53,0,0,55
415,53,53,0,0,61
416,54,54,0,0,67
417,54,54,0,0,60
418,56,56,0,0,64
419,56,56,0,0,60
420,55,55,0,0,58
421,55,55,0,0,58
422,53,53,0,0,61
423,51,51,0,0,67
424,51,51,0,0,68
425,50,50,0,0,64
426,50,50,0,0,67
427,50,50,0,0,60
428,50,50,0,0,61
429,50,50,0,0,57
430,50,50,0,0,64
431,50,50,0,0,52
432,52,52,0,0,59
433,51,51,0,0,65
434,51,51,0,0,55
435,51,51,0,0,61
436,51,51,0,0,64
437,52,52,0,0,57
438,53,53,0,0,59
439,52,52,0,0,60
440,53,53,0,0,57
441,53,53,0,0,59
442,53,53,0,0,66
443,53,53,0,0,67
444,53,53,0,0,60
445,53,53,0,0,64
446,52,52,0,0,59
447,51,51,0,0,64
448,51,51,0,0,58
449,51,51,0,0,49
450,52,52,0,0,67
451,52,52,0,0,60
452,49,49,0,0,55
453,48,48,0,0,60
454,47,47,0,0,67
455,47,47,0,0,66
456,48,48,0,0,62
457,48,48,0,0,64
458,48,48,0,0,60
459,49,49,0,0,69
460,49,49,0,0,64
461,48,48,0,0,60
462,49,49,0,0,58
463,49,49,0,0,63
464,49,49,0,0,63
465,49,49,0,0,69
466,49,49,0,0,62
467,49,49,0,0,62
468,50,50,0,0,65
469,49,49,0,0,64
470,49,49,0,0,53
471,49,49,0,0,65
472,49,49,0,0,60
473,49,49,0,0,67
474,49,49,0,0,68
475,50,50,0,0,69
476,51,51,0,0,61
477,51,51,0,0,55
478,51,51,0,0,60
479,51,51,0,0,70
480,51,51,0,0,60
481,52,52,0,0,64
482,52,52,0,0,59
483,54,54,0,0,48
484,55,55,0,0,32
485,56,56,0,0,66
486,56,56,0,0,62
487,57,57,0,0,64
488,59,59,0,0,65
489,60,60,0,0,57
490,60,60,0,0,52
491,61,61,0,0,58
492,61,61,0,0,51
493,61,61,0,0,58
494,60,60,0,0,63
495,59,59,0,0,61
496,59,59,0,0,58
497,59,59,0,0,51
498,58,58,0,0,55
499,58,58,0,0,55
500,58,58,0,0,57
501,56,56,0,0,65
502,56,56,0,0,66
503,55,55,0,0,61
504,55,55,0,0,64
505,55,55,0,0,61
506,54,54,0,0,63
507,54,54,0,0,58
508,54,54,0,0,45
509,53,53,0,0,62
510,54,54,0,0,59
511,56,56,0,0,60
512,55,55,0,0,53
513,53,53,0,0,60
514,52,52,0,0,59
515,52,52,0,0,65
516,52,52,0,0,64
517,53,53,0,0,60
518,53,53,0,0,62
519,52,52,0,0,53
520,54,54,0,0,58
521,53,53,0,0,46
522,53,53,0,0,57
523,53,53,0,0,14
524,52,52,0,0,63
525,53,53,0,0,61
526,53,53,0,0,63
527,54,54,0,0,39
528,54,54,0,0,40
529,54,54,0,0,59
530,54,54,0,0,52
531,55,55,0,0,58
532,55,55,0,0,66
533,55,55,0,0,58
534,55,55,0,0,55
535,55,55,0,0,55
536,53,53,0,0,56
537,53,53,0,0,56
538,53,53,0,0,60
539,53,53,0,0,60
540,53,53,0,0,62
541,53,53,0,0,66
542,53,53,0,0,66
543,55,55,0,0,51
544,54,54,0,0,58
545,55,55,0,0,57
546,55,55,0,0,52
547,55,55,0,0,65
548,55,55,0,0,67
549,57,57,0,0,56
550,57,57,0,0,57
551,59,59,0,0,57
552,59,59,0,0,56
553,61,61,0,0,55
554,61,61,0,0,56
555,62,62,0,0,59
556,63,63,0,0,61
557,63,63,0,0,51
558,66,66,0,0,51
559,66,66,0,0,54
560,66,66,0,0,53
561,64,64,0,0,54
562,63,63,0,0,53
563,63,63,0,0,43
564,61,61,0,0,57
565,61,61,0,0,51
566,60,60,0,0,62
567,60,60,0,0,57
568,59,59,0,0,54
569,59,59,0,0,53
570,59,59,0,0,59
571,57,57,0,0,60
572,57,57,0,0,55
573,57,57,0,0,53
574,56,56,0,0,56
575,57,57,0,0,53
576,56,56,0,0,59
577,56,56,0,0,59
578,56,56,0,0,59
579,56,56,0,0,50
580,56,56,0,0,60
581,56,56,0,0,57
582,57,57,0,0,56
583,56,56,0,0,51
584,56,56,0,0,58
585,57,57,0,0,53
586,58,58,0,0,59
587,58,58,0,0,52
588,57,57,0,0,59
589,56,56,0,0,55
590,55,55,0,0,61
591,55,55,0,0,58
592,55,55,0,0,56
593,54,54,0,0,56
594,54,54,0,0,61
595,55,55,0,0,65
596,55,55,0,0,62
597,55,55,0,0,54
598,55,55,0,0,61
599,54,54,0,0,62
600,54,54,0,0,58
601,54,54,0,0,54
602,53,53,0,0,59
603,54,54,0,0,63
604,53,53,0,0,68
605,54,54,0,0,60
606,54,54,0,0,57
607,54,54,0,0,57
608,54,54,0,0,56
609,55,55,0,0,14
610,54,54,0,0,63
611,54,54,0,0,58
612,54,54,0,0,56
613,53,53,0,0,59
614,54,54,0,0,60
615,56,56,0,0,58
616,56,56,0,0,58
617,56,56,0,0,58
618,56,56,0,0,57
619,56,56,0,0,53
620,56,56,0,0,58
621,55,55,0,0,60
622,55,55,0,0,51
623,55,55,0,0,56
624,55,55,0,0,59
625,54,54,0,0,50
626,54,54,0,0,59
627,53,53,0,0,57
628,54,54,0,0,58
629,54,54,0,0,56
630,54,54,0,0,55
631,54,54,0,0,66
632,54,54,0,0,59
633,53,53,0,0,66
634,54,54,0,0,27
635,54,54,0,0,57
636,54,54,0,0,60
637,55,55,0,0,56
638,56,56,0,0,60
639,56,56,0,0,56
640,57,57,0,0,63
641,59,59,0,0,49
642,60,60,0,0,53
643,60,60,0,0,60
644,60,60,0,0,52
645,60,60,0,0,55
646,62,62,0,0,9
647,62,62,0,0,47
648,63,63,0,0,43
649,63,63,0,0,50
650,64,64,0,0,33
651,64,64,0,0,47
652,63,63,0,0,12
653,62,62,0,0,38
654,63,63,0,0,43
655,62,62,0,0,48
656,60,60,0,0,50
657,60,60,0,0,55
658,59,59,0,0,55
659,59,59,0,0,55
660,59,59,0,0,54
661,59,59,0,0,57
662,59,59,0,0,57
663,60,60,0,0,54
664,60,60,0,0,53
665,61,61,0,0,39
666,59,59,0,0,51
667,59,59,0,0,55
668,59,59,0,0,54
669,59,59,0,0,58
670,60,60,0,0,56
671,59,59,0,0,49
672,60,60,0,0,52
673,60,60,0,0,56
674,61,61,0,0,49
675,61,61,0,0,53
676,61,61,0,0,52
677,61,61,0,0,52
678,62,62,0,0,51
679,62,62,0,0,51
680,63,63,0,0,48
681,62,62,0,0,54
682,62,62,0,0,52
683,62,62,0,0,55
684,60,60,0,0,57
685,59,59,0,0,56
686,58,58,0,0,51
687,60,60,0,0,51
688,61,61,0,0,49
689,59,59,0,0,52
690,58,58,0,0,51
691,58,58,0,0,55
692,59,59,0,0,54
693,61,61,0,0,54
694,60,60,0,0,53
695,61,61,0,0,51
696,61,61,0,0,52
697,61,61,0,0,56
698,61,61,0,0,52
699,61,61,0,0,52
700,61,61,0,0,52
701,61,61,0,0,55
702,61,61,0,0,54
703,60,60,0,0,61
704,60,60,0,0,54
705,60,60,0,0,59
706,61,61,0,0,55
707,60,60,0,0,53
708,61,61,0,0,52
709,61,61,0,0,53
710,60,60,0,0,43
711,60,60,0,0,56
712,60,60,0,0,54
713,59,59,0,0,54
714,59,59,0,0,55
715,59,59,0,0,57
716,59,59,0,0,55
717,59,59,0,0,56
718,59,59,0,0,55
719,60,60,0,0,52
720,61,61,0,0,53
721,59,59,0,0,53
722,58,58,0,0,52
723,58,58,0,0,56
724,57,57,0,0,54
725,57,57,0,0,60
726,57,57,0,0,53
727,56,56,0,0,56
728,54,54,0,0,53
729,55,55,0,0,64
730,53,53,0,0,51
731,52,52,0,0,57
732,52,52,0,0,55
733,52,52,0,0,58
734,55,55,0,0,55
735,56,56,0,0,54
736,55,55,0,0,53
737,55,55,0,0,58
738,54,54,0,0,57
739,54,54,0,0,22
740,53,53,0,0,61
741,52,52,0,0,59
742,51,51,0,0,61
743,50,50,0,0,62
744,50,50,0,0,18
745,52,52,0,0,66
746,53,53,0,0,58
747,53,53,0,0,62
748,53,53,0,0,53
749,52,52,0,0,57
750,52,52,0,0,61
751,52,52,0,0,58
752,53,53,0,0,58
753,53,53,0,0,52
754,53,53,0,0,57
755,52,52,0,0,61
756,53,53,0,0,56
757,54,54,0,0,60
758,55,55,0,0,61
759,55,55,0,0,59
760,55,55,0,0,56
761,55,55,0,0,57
762,54,54,0,0,57
763,53,53,0,0,57
764,52,52,0,0,58
765,52,52,0,0,60
766,53,53,0,0,56
767,53,53,0,0,58
768,53,53,0,0,60
769,54,54,0,0,58
770,53,53,0,0,52
771,53,53,0,0,60
772,52,52,0,0,57
773,52,52,0,0,56
774,53,53,0,0,55
775,53,53,0,0,61
776,53,53,0,0,56
777,54,54,0,0,58
778,53,53,0,0,60
779,53,53,0,0,52
780,53,53,0,0,57
781,54,54,0,0,66
782,54,54,0,0,53
783,54,54,0,0,53
784,50,50,0,0,59
785,49,49,0,0,59
786,49,49,0,0,50
787,50,50,0,0,59
788,50,50,0,0,59
789,50,50,0,0,59
790,50,50,0,0,61
791,51,51,0,0,60
792,50,50,0,0,61
793,50,50,0,0,61
794,49,49,0,0,60
795,50,50,0,0,58
796,49,49,0,0,61
797,49,49,0,0,65
798,50,50,0,0,59
799,51,51,0,0,59
800,52,52,0,0,59
801,52,52,0,0,59
802,52,52,0,0,61
803,52,52,0,0,65
804,52,52,0,0,61
805,53,53,0,0,55
806,54,54,0,0,52
807,54,54,0,0,57
808,54,54,0,0,53
809,54,54,0,0,53
810,54,54,0,0,57
811,55,55,0,0,52
812,54,54,0,0,65
813,54,54,0,0,53
814,56,56,0,0,52
815,56,56,0,0,55
816,57,57,0,0,55
817,57,57,0,0,38
818,58,58,0,0,58
819,56,56,0,0,58
820,56,56,0,0,55
821,56,56,0,0,56
822,56,56,0,0,58
823,57,57,0,0,55
824,57,57,0,0,52
825,57,57,0,0,57
826,58,58,0,0,55
827,57,57,0,0,54
828,57,57,0,0,30
829,57,57,0,0,60
830,57,57,0,0,48
831,56,56,0,0,55
832,56,56,0,0,50
833,57,57,0,0,56
834,56,56,0,0,56
835,54,54,0,0,53
836,54,54,0,0,55
837,54,54,0,0,60
838,55,55,0,0,57
839,55,55,0,0,58
840,54,54,0,0,64
841,54,54,0,0,60
842,54,54,0,0,56
843,54,54,0,0,55
844,53,53,0,0,57
845,53,53,0,0,58
846,53,53,0,0,58
847,54,54,0,0,53
848,55,55,0,0,57
849,55,55,0,0,59
850,58,58,0,0,39
851,59,59,0,0,49
852,59,59,0,0,50
853,59,59,0,0,54
854,60,60,0,0,17
855,60,60,0,0,55
856,60,60,0,0,57
857,60,60,0,0,54
858,60,60,0,0,51
859,59,59,0,0,49
860,59,59,0,0,52
861,59,59,0,0,57
862,59,59,0,0,55
863,58,58,0,0,62
864,58,58,0,0,61
865,58,58,0,0,54
866,58,58,0,0,56
867,58,58,0,0,53
868,58,58,0,0,51
869,57,57,0,0,35
870,57,57,0,0,43
871,58,58,0,0,49
872,59,59,0,0,56
873,60,60,0,0,32
874,60,60,0,0,54
875,60,60,0,0,60
876,61,61,0,0,59
877,62,62,0,0,56
878,60,60,0,0,56
879,60,60,0,0,55
880,60,60,0,0,59
881,60,60,0,0,58
882,60,60,0,0,59
883,60,60,0,0,53
884,60,60,0,0,58
885,59,59,0,0,63
886,59,59,0,0,56
887,59,59,0,0,60
888,58,58,0,0,63
889,57,57,0,0,61
890,56,56,0,0,50
891,55,55,0,0,56
892,54,54,0,0,65
893,53,53,0,0,66
894,53,53,0,0,62
895,53,53,0,0,60
896,54,54,0,0,60
897,56,56,0,0,60
898,58,58,0,0,57
899,58,58,0,0,65
900,57,57,0,0,59
901,57,57,0,0,63
902,57,57,0,0,65
903,56,56,0,0,61
904,56,56,0,0,59
905,56,56,0,0,60
906,56,56,0,0,61
907,57,57,0,0,63
908,57,57,0,0,59
909,57,57,0,0,65
910,58,58,0,0,51
911,58,58,0,0,59
912,59,59,0,0,58
913,60,60,0,0,63
914,58,58,0,0,49
915,58,58,0,0,59
916,59,59,0,0,58
917,59,59,0,0,55
918,59,59,0,0,65
919,58,58,0,0,52
920,58,58,0,0,53
921,58,58,0,0,53
922,56,56,0,0,49
923,56,56,0,0,46
924,56,56,0,0,56
925,56,56,0,0,58
926,56,56,0,0,59
927,56,56,0,0,55
928,56,56,0,0,57
929,57,57,0,0,53
930,57,57,0,0,57
931,57,57,0,0,56
932,57,57,0,0,51
933,59,59,0,0,52
934,59,59,0,0,50
935,59,59,0,0,54
936,60,60,0,0,51
937,61,61,0,0,53
938,60,60,0,0,55
939,60,60,0,0,51
940,60,60,0,0,56
941,58,58,0,0,54
942,59,59,0,0,52
943,59,59,0,0,57
944,59,59,0,0,54
945,60,60,0,0,54
946,60,60,0,0,52
947,61,61,0,0,44
948,60,60,0,0,50
949,60,60,0,0,53
950,60,60,0,0,41
951,60,60,0,0,52
952,62,62,0,0,55
953,62,62,0,0,59
954,62,62,0,0,51
955,62,62,0,0,53
956,62,62,0,0,46
957,62,62,0,0,45
958,62,62,0,0,39
959,62,62,0,0,41
960,62,62,0,0,41
961,62,62,0,0,41
962,63,63,0,0,45
963,64,64,0,0,43
964,65,65,0,0,33
965,64,64,0,0,48
966,64,64,0,0,51
967,67,67,0,0,52
968,67,67,0,0,52
969,69,69,0,0,34
970,71,71,0,0,46
971,71,71,0,0,48
972,70,70,0,0,46
973,71,71,0,0,46
974,70,70,0,0,47
975,70,70,0,0,49
976,72,72,0,0,36
977,72,72,0,0,50
978,73,73,0,0,39
979,74,74,0,0,42
980,72,72,0,0,49
981,72,72,0,0,48
982,72,72,0,0,46
983,72,72,0,0,47
984,72,72,0,0,45
985,72,72,0,0,49
986,72,72,0,0,48
987,72,72,0,0,15
988,72,72,0,0,38
989,72,72,0,0,42
990,71,71,0,0,39
991,72,72,0,0,41
992,72,72,0,0,44
993,72,72,0,0,50
994,72,72,0,0,20
995,72,72,0,0,44
996,73,73,0,0,35
997,75,75,0,0,47
998,77,77,0,0,47
999,78,78,0,0,31
1000,78,78,0,0,44
1001,78,78,0,0,45
1002,79,79,0,0,45
1003,79,79,0,0,45
1004,79,79,0,0,43
1005,78,78,0,0,44
1006,78,78,0,0,45
1007,78,78,0,0,43
1008,78,78,0,0,46
1009,78,78,0,0,46
1010,79,79,0,0,33
1011,79,79,0,0,43
1012,81,81,0,0,42
1013,80,80,0,0,30
1014,80,80,0,0,44
1015,80,80,0,0,44
1016,81,81,0,0,43
1017,80,80,0,0,45
1018,80,80,0,0,38
1019,81,81,0,0,44
1020,81,81,0,0,33
1021,82,82,0,0,30
1022,81,81,0,0,42
1023,81,81,0,0,41
1024,79,79,0,0,43
1025,80,80,0,0,42
1026,79,79,0,0,43
1027,78,78,0,0,45
1028,78,78,0,0,45
1029,79,79,0,0,41
1030,79,79,0,0,45
1031,80,80,0,0,45
1032,81,81,0,0,43
1033,80,80,0,0,42
1034,81,81,0,0,45
1035,81,81,0,0,46
1036,81,81,0,0,39
1037,81,81,0,0,43
1038,83,83,0,0,45
1039,83,83,0,0,43
1040,84,84,0,0,46
1041,83,83,0,0,43
1042,83,83,0,0,43
1043,84,84,0,0,45
1044,81,81,0,0,43
1045,79,79,0,0,44
1046,79,79,0,0,15
1047,78,78,0,0,46
1048,78,78,0,0,46
1049,78,78,0,0,44
1050,77,77,0,0,47
1051,79,79,0,0,39
1052,81,81,0,0,39
1053,81,81,0,0,43
1054,80,80,0,0,42
1055,79,79,0,0,44
1056,80,80,0,0,47
1057,80,80,0,0,49
1058,79,79,0,0,41
1059,78,78,0,0,46
1060,80,80,0,0,43
1061,79,79,0,0,45
1062,77,77,0,0,44
1063,77,77,0,0,46
1064,76,76,0,0,47
1065,75,75,0,0,47
1066,76,76,0,0,45
1067,75,75,0,0,46
1068,77,77,0,0,45
1069,78,78,0,0,42
1070,77,77,0,0,45
1071,78,78,0,0,45
1072,78,78,0,0,48
1073,78,78,0,0,45
1074,78,78,0,0,47
1075,79,79,0,0,45
1076,79,79,0,0,43
1077,79,79,0,0,47
1078,79,79,0,0,45
1079,80,80,0,0,43
1080,80,80,0,0,46
1081,80,80,0,0,44
1082,82,82,0,0,45
1083,83,83,0,0,34
1084,82,82,0,0,45
1085,82,82,0,0,37
1086,82,82,0,0,38
1087,83,83,0,0,40
1088,85,85,0,0,41
1089,85,85,0,0,42
1090,87,87,0,0,38
1091,87,87,0,0,14
1092,87,87,0,0,43
1093,86,86,0,0,43
1094,86,86,0,0,40
1095,86,86,0,0,44
1096,85,85,0,0,44
1097,87,87,0,0,41
1098,87,87,0,0,43
1099,86,86,0,0,43
1100,86,86,0,0,43
1101,85,85,0,0,43
1102,86,86,0,0,41
1103,85,85,0,0,43
1104,83,83,0,0,41
1105,84,84,0,0,44
1106,84,84,0,0,43
1107,84,84,0,0,41
1108,85,85,0,0,43
1109,85,85,0,0,42
1110,86,86,0,0,42
1111,84,84,0,0,43
1112,82,82,0,0,42
1113,83,83,0,0,42
1114,82,82,0,0,21
1115,83,83,0,0,43
1116,81,81,0,0,42
1117,81,81,0,0,41
1118,78,78,0,0,41
1119,78,78,0,0,44
1120,78,78,0,0,45
1121,77,77,0,0,46
1122,75,75,0,0,44
1123,77,77,0,0,45
1124,76,76,0,0,45
1125,75,75,0,0,47
1126,75,75,0,0,41
1127,75,75,0,0,43
1128,74,74,0,0,48
1129,74,74,0,0,46
1130,74,74,0,0,47
1131,73,73,0,0,48
1132,71,71,0,0,45
1133,72,72,0,0,46
1134,72,72,0,0,51
1135,72,72,0,0,47
1136,73,73,0,0,49
1137,72,72,0,0,48
1138,73,73,0,0,47
1139,72,72,0,0,47
1140,72,72,0,0,48
1141,72,72,0,0,49
1142,72,72,0,0,48
1143,72,72,0,0,46
1144,73,73,0,0,47
1145,73,73,0,0,46
1146,73,73,0,0,47
1147,73,73,0,0,46
1148,72,72,0,0,49
1149,71,71,0,0,38
1150,72,72,0,0,48
1151,71,71,0,0,42
1152,71,71,0,0,48
1153,71,71,0,0,49
1154,72,72,0,0,49
1155,72,72,0,0,45
1156,72,72,0,0,46
1157,72,72,0,0,47
1158,75,75,0,0,47
1159,74,74,0,0,45
1160,76,76,0,0,45
1161,77,77,0,0,43
1162,76,76,0,0,46
1163,78,78,0,0,42
1164,79,79,0,0,39
1165,78,78,0,0,42
1166,78,78,0,0,44
1167,79,79,0,0,44
1168,79,79,0,0,44
1169,80,80,0,0,44
1170,81,81,0,0,44
1171,82,82,0,0,43
1172,83,83,0,0,44
1173,83,83,0,0,43
1174,83,83,0,0,40
1175,83,83,0,0,45
1176,84,84,0,0,42
1177,84,84,0,0,43
1178,84,84,0,0,41
1179,84,84,0,0,41
1180,83,83,0,0,42
1181,84,84,0,0,41
1182,87,87,0,0,34
1183,86,86,0,0,42
1184,83,83,0,0,44
1185,83,83,0,0,42
1186,85,85,0,0,41
1187,85,85,0,0,41
1188,84,84,0,0,43
1189,83,83,0,0,43
1190,83,83,0,0,44
1191,83,83,0,0,45
1192,81,81,0,0,43
1193,80,80,0,0,40
1194,79,79,0,0,46
1195,81,81,0,0,38
1196,81,81,0,0,43
1197,83,83,0,0,40
1198,81,81,0,0,42
1199,80,80,0,0,42
1200,78,78,0,0,45
1201,78,78,0,0,44
1202,81,81,0,0,15
1203,80,80,0,0,28
1204,80,80,0,0,19
1205,80,80,0,0,36
1206,79,79,0,0,34
1207,79,79,0,0,43
1208,79,79,0,0,42
1209,81,81,0,0,36
1210,80,80,0,0,13
1211,80,80,0,0,41
1212,80,80,0,0,40
1213,82,82,0,0,39
1214,82,82,0,0,43
1215,83,83,0,0,42
1216,81,81,0,0,42
1217,81,81,0,0,43
1218,81,81,0,0,44
1219,82,82,0,0,43
1220,83,83,0,0,43
1221,82,82,0,0,44
1222,82,82,0,0,42
1223,82,82,0,0,44
1224,83,83,0,0,42
1225,83,83,0,0,40
1226,82,82,0,0,43
1227,83,83,0,0,43
1228,82,82,0,0,46
1229,80,80,0,0,43
1230,81,81,0,0,45
1231,82,82,0,0,44
1232,81,81,0,0,42
1233,82,82,0,0,44
1234,80,80,0,0,44
1235,80,80,0,0,43
1236,80,80,0,0,44
1237,81,81,0,0,39
1238,84,84,0,0,44
1239,84,84,0,0,43
1240,84,84,0,0,42
1241,83,83,0,0,41
1242,82,82,0,0,45
1243,82,82,0,0,39
1244,84,84,0,0,43
1245,84,84,0,0,41
1246,84,84,0,0,31
1247,83,83,0,0,43
1248,82,82,0,0,46
1249,83,83,0,0,40
1250,83,83,0,0,40
1251,84,84,0,0,38
1252,84,84,0,0,32
1253,85,85,0,0,44
1254,86,86,0,0,43
1255,85,85,0,0,42
1256,85,85,0,0,41
1257,82,82,0,0,45
1258,81,81,0,0,46
1259,81,81,0,0,42
1260,81,81,0,0,44
1261,81,81,0,0,43
1262,79,79,0,0,45
1263,79,79,0,0,37
1264,78,78,0,0,36
1265,78,78,0,0,37
1266,77,77,0,0,37
1267,76,76,0,0,42
1268,77,77,0,0,39
1269,77,77,0,0,37
1270,75,75,0,0,35
1271,74,74,0,0,42
1272,74,74,0,0,44
1273,73,73,0,0,45
1274,73,73,0,0,46
1275,74,74,0,0,44
1276,74,74,0,0,42
1277,73,73,0,0,40
1278,73,73,0,0,42
1279,73,73,0,0,47
1280,75,75,0,0,45
1281,73,73,0,0,48
1282,73,73,0,0,44
1283,74,74,0,0,48
1284,76,76,0,0,44
1285,76,76,0,0,45
1286,76,76,0,0,37
1287,74,74,0,0,45
1288,74,74,0,0,42
1289,76,76,0,0,44
1290,76,76,0,0,45
1291,74,74,0,0,48
1292,74,74,0,0,48
1293,74,74,0,0,37
1294,74,74,0,0,48
1295,74,74,0,0,45
1296,74,74,0,0,47
1297,75,75,0,0,38
1298,75,75,0,0,44
1299,75,75,0,0,46
1300,75,75,0,0,46
1301,73,73,0,0,47
1302,73,73,0,0,43
1303,72,72,0,0,45
1304,72,72,0,0,47
1305,72,72,0,0,49
1306,72,72,0,0,45
1307,73,73,0,0,49
1308,72,72,0,0,37
1309,71,71,0,0,46
1310,71,71,0,0,39
1311,72,72,0,0,43
1312,72,72,0,0,46
1313,72,72,0,0,40
1314,73,73,0,0,45
1315,73,73,0,0,44
1316,73,73,0,0,49
1317,74,74,0,0,44
1318,73,73,0,0,48
1319,73,73,0,0,47
1320,75,75,0,0,44
1321,75,75,0,0,42
1322,75,75,0,0,45
1323,75,75,0,0,47
1324,76,76,0,0,46
1325,76,76,0,0,45
1326,75,75,0,0,44
1327,74,74,0,0,44
1328,73,73,0,0,44
1329,73,73,0,0,46
1330,74,74,0,0,44
1331,73,73,0,0,44
1332,73,73,0,0,45
1333,73,73,0,0,47
1334,75,75,0,0,43
1335,75,75,0,0,39
1336,74,74,0,0,47
1337,74,74,0,0,44
1338,75,75,0,0,44
1339,75,75,0,0,46
1340,75,75,0,0,46
1341,75,75,0,0,39
1342,75,75,0,0,47
1343,75,75,0,0,45
1344,78,78,0,0,42
1345,78,78,0,0,44
1346,78,78,0,0,43
1347,77,77,0,0,43
1348,77,77,0,0,44
1349,77,77,0,0,44
1350,77,77,0,0,41
1351,77,77,0,0,46
1352,78,78,0,0,42
1353,80,80,0,0,43
1354,79,79,0,0,43
1355,79,79,0,0,40
1356,78,78,0,0,44
1357,78,78,0,0,42
1358,78,78,0,0,42
1359,76,76,0,0,44
1360,74,74,0,0,43
1361,74,74,0,0,46
1362,75,75,0,0,41
1363,76,76,0,0,43
1364,76,76,0,0,44
1365,76,76,0,0,41
1366,75,75,0,0,47
1367,74,74,0,0,45
1368,73,73,0,0,44
1369,76,76,0,0,44
1370,78,78,0,0,42
1371,77,77,0,0,39
1372,78,78,0,0,43
1373,78,78,0,0,44
1374,79,79,0,0,44
1375,77,77,0,0,43
1376,75,75,0,0,44
1377,76,76,0,0,42
1378,76,76,0,0,46
1379,77,77,0,0,46
1380,76,76,0,0,43
1381,77,77,0,0,45
1382,76,76,0,0,45
1383,77,77,0,0,45
1384,76,76,0,0,44
1385,76,76,0,0,46
1386,76,76,0,0,44
1387,76,76,0,0,43
1388,75,75,0,0,38
1389,76,76,0,0,43
1390,76,76,0,0,43
1391,77,77,0,0,46
1392,77,77,0,0,46
1393,77,77,0,0,43
1394,76,76,0,0,45
1395,76,76,0,0,42
1396,77,77,0,0,44
1397,76,76,0,0,43
1398,77,77,0,0,45
1399,77,77,0,0,44
1400,80,80,0,0,42
1401,81,81,0,0,42
1402,81,81,0,0,42
1403,79,79,0,0,40
1404,81,81,0,0,43
1405,81,81,0,0,37
1406,82,82,0,0,38
1407,84,84,0,0,42
1408,85,85,0,0,44
1409,85,85,0,0,42
1410,84,84,0,0,42
1411,83,83,0,0,39
1412,83,83,0,0,42
1413,83,83,0,0,39
1414,82,82,0,0,39
1415,82,82,0,0,42
1416,82,82,0,0,39
1417,82,82,0,0,41
1418,81,81,0,0,44
1419,79,79,0,0,45
1420,79,79,0,0,44
1421,78,78,0,0,41
1422,76,76,0,0,40
1423,77,77,0,0,45
1424,76,76,0,0,43
1425,76,76,0,0,37
1426,76,76,0,0,46
1427,78,78,0,0,42
1428,79,79,0,0,41
1429,79,79,0,0,42
1430,81,81,0,0,41
1431,81,81,0,0,42
1432,81,81,0,0,41
1433,81,81,0,0,41
1434,81,81,0,0,40
1435,81,81,0,0,42
1436,81,81,0,0,42
1437,82,82,0,0,42
1438,82,82,0,0,15
1439,83,83,0,0,41
1440,82,82,0,0,40
1441,83,83,0,0,44
1442,83,83,0,0,41
1443,82,82,0,0,44
1444,82,82,0,0,41
1445,81,81,0,0,42
1446,80,80,0,0,44
1447,80,80,0,0,43
1448,80,80,0,0,40
1449,81,81,0,0,37
1450,79,79,0,0,41
1451,80,80,0,0,42
1452,78,78,0,0,39
1453,80,80,0,0,42
1454,79,79,0,0,42
1455,78,78,0,0,44
1456,78,78,0,0,42
1457,79,79,0,0,43
1458,78,78,0,0,46
1459,77,77,0,0,43
1460,77,77,0,0,43
1461,79,79,0,0,44
1462,79,79,0,0,42
1463,81,81,0,0,44
1464,80,80,0,0,41
1465,79,79,0,0,40
1466,79,79,0,0,41
1467,78,78,0,0,42
1468,78,78,0,0,45
1469,78,78,0,0,38
1470,78,78,0,0,42
1471,79,79,0,0,37
1472,79,79,0,0,42
1473,80,80,0,0,43
1474,81,81,0,0,42
1475,80,80,0,0,42
1476,80,80,0,0,41
1477,82,82,0,0,41
1478,83,83,0,0,40
1479,83,83,0,0,40
1480,83,83,0,0,40
1481,82,82,0,0,39
1482,80,80,0,0,38
1483,80,80,0,0,45
1484,81,81,0,0,41
1485,80,80,0,0,44
1486,80,80,0,0,44
1487,80,80,0,0,42
1488,81,81,0,0,43
1489,83,83,0,0,42
1490,83,83,0,0,40
1491,83,83,0,0,38
1492,83,83,0,0,42
1493,82,82,0,0,40
1494,82,82,0,0,44
1495,83,83,0,0,42
1496,83,83,0,0,40
1497,84,84,0,0,42
1498,83,83,0,0,43
1499,84,84,0,0,38
1500,84,84,0,0,32
1501,83,83,0,0,41
1502,84,84,0,0,41
1503,83,83,0,0,39
1504,83,83,0,0,41
1505,84,84,0,0,42
1506,83,83,0,0,36
1507,82,82,0,0,39
1508,81,81,0,0,42
1509,82,82,0,0,40
1510,83,83,0,0,41
1511,84,84,0,0,16
1512,84,84,0,0,41
1513,83,83,0,0,41
1514,83,83,0,0,41
1515,84,84,0,0,38
1516,83,83,0,0,39
1517,83,83,0,0,40
1518,83,83,0,0,41
1519,81,81,0,0,42
1520,79,79,0,0,41
1521,79,79,0,0,40
1522,79,79,0,0,41
1523,78,78,0,0,42
1524,77,77,0,0,42
1525,77,77,0,0,41
1526,77,77,0,0,42
1527,76,76,0,0,44
1528,75,75,0,0,43
1529,76,76,0,0,40
1530,75,75,0,0,41
1531,75,75,0,0,39
1532,74,74,0,0,44
1533,74,74,0,0,45
1534,73,73,0,0,44
1535,74,74,0,0,43
1536,75,75,0,0,45
1537,75,75,0,0,43
1538,76,76,0,0,43
1539,76,76,0,0,46
1540,75,75,0,0,43
1541,76,76,0,0,17
1542,74,74,0,0,45
1543,73,73,0,0,45
1544,76,76,0,0,45
1545,77,77,0,0,43
1546,77,77,0,0,43
1547,76,76,0,0,44
1548,75,75,0,0,42
1549,75,75,0,0,44
1550,76,76,0,0,41
1551,76,76,0,0,43
1552,75,75,0,0,42
1553,74,74,0,0,43
1554,74,74,0,0,41
1555,73,73,0,0,46
1556,75,75,0,0,35
1557,75,75,0,0,44
1558,74,74,0,0,42
1559,74,74,0,0,43
1560,75,75,0,0,41
1561,75,75,0,0,44
1562,77,77,0,0,39
1563,76,76,0,0,43
1564,75,75,0,0,35
1565,75,75,0,0,42
1566,75,75,0,0,46
1567,74,74,0,0,40
1568,76,76,0,0,42
1569,77,77,0,0,31
1570,77,77,0,0,41
1571,78,78,0,0,33
1572,79,79,0,0,34
1573,79,79,0,0,36
1574,78,78,0,0,37
1575,77,77,0,0,31
1576,77,77,0,0,37
1577,78,78,0,0,36
1578,79,79,0,0,33
1579,79,79,0,0,40
1580,79,79,0,0,43
1581,78,78,0,0,44
1582,76,76,0,0,42
1583,77,77,0,0,40
1584,76,76,0,0,43
1585,75,75,0,0,45
1586,74,74,0,0,45
1587,74,74,0,0,41
1588,75,75,0,0,44
1589,75,75,0,0,43
1590,74,74,0,0,41
1591,75,75,0,0,43
1592,74,74,0,0,18
1593,74,74,0,0,44
1594,74,74,0,0,44
1595,76,76,0,0,31
1596,75,75,0,0,40
1597,74,74,0,0,43
1598,74,74,0,0,44
1599,73,73,0,0,45
1600,73,73,0,0,44
1601,71,71,0,0,43
1602,71,71,0,0,44
1603,70,70,0,0,45
1604,69,69,0,0,45
1605,70,70,0,0,44
1606,68,68,0,0,46
1607,70,70,0,0,43
1608,70,70,0,0,40
1609,69,69,0,0,46
1610,69,69,0,0,44
1611,71,71,0,0,42
1612,73,73,0,0,41
1613,73,73,0,0,44
1614,73,73,0,0,45
1615,73,73,0,0,43
1616,73,73,0,0,43
1617,74,74,0,0,43
1618,73,73,0,0,43
1619,71,71,0,0,42
1620,71,71,0,0,43
1621,71,71,0,0,46
1622,72,72,0,0,43
1623,72,72,0,0,46
1624,72,72,0,0,41
1625,72,72,0,0,39
1626,73,73,0,0,41
1627,74,74,0,0,45
1628,74,74,0,0,43
1629,74,74,0,0,38
1630,73,73,0,0,44
1631,73,73,0,0,46
1632,73,73,0,0,44
1633,72,72,0,0,42
1634,72,72,0,0,44
1635,71,71,0,0,45
1636,71,71,0,0,44
1637,70,70,0,0,38
1638,71,71,0,0,44
1639,68,68,0,0,45
1640,68,68,0,0,45
1641,68,68,0,0,44
1642,69,69,0,0,43
1643,70,70,0,0,44
1644,70,70,0,0,46
1645,70,70,0,0,44
1646,71,71,0,0,42
1647,71,71,0,0,43
1648,70,70,0,0,44
1649,70,70,0,0,45
1650,70,70,0,0,45
1651,71,71,0,0,38
1652,71,71,0,0,44
1653,71,71,0,0,44
1654,71,71,0,0,44
1655,71,71,0,0,45
1656,70,70,0,0,46
1657,71,71,0,0,45
1658,71,71,0,0,46
1659,72,72,0,0,31
1660,72,72,0,0,43
1661,73,73,0,0,42
1662,73,73,0,0,46
1663,73,73,0,0,46
1664,72,72,0,0,46
1665,73,73,0,0,44
1666,73,73,0,0,45
1667,74,74,0,0,44
1668,74,74,0,0,45
1669,75,75,0,0,35
1670,74,74,0,0,44
1671,73,73,0,0,43
1672,73,73,0,0,42
1673,73,73,0,0,15
1674,73,73,0,0,44
1675,73,73,0,0,43
1676,73,73,0,0,37
1677,75,75,0,0,45
1678,76,76,0,0,41
1679,78,78,0,0,38
1680,79,79,0,0,42
1681,80,80,0,0,34
1682,80,80,0,0,38
1683,81,81,0,0,40
1684,82,82,0,0,40
1685,83,83,0,0,37
1686,82,82,0,0,40
1687,82,82,0,0,39
1688,83,83,0,0,40
1689,83,83,0,0,37
1690,84,84,0,0,27
1691,85,85,0,0,39
1692,86,86,0,0,39
1693,86,86,0,0,40
1694,87,87,0,0,40
1695,87,87,0,0,39
1696,88,88,0,0,38
1697,87,87,0,0,39
1698,87,87,0,0,40
1699,85,85,0,0,38
1700,85,85,0,0,39
1701,85,85,0,0,38
1702,85,85,0,0,39
1703,85,85,0,0,38
1704,85,85,0,0,37
1705,85,85,0,0,40
1706,84,84,0,0,40
1707,84,84,0,0,40
1708,84,84,0,0,38
1709,82,82,0,0,36
1710,82,82,0,0,40
1711,81,81,0,0,38
1712,79,79,0,0,41
1713,79,79,0,0,37
1714,79,79,0,0,43
1715,77,77,0,0,41
1716,77,77,0,0,42
1717,78,78,0,0,43
1718,79,79,0,0,44
1719,79,79,0,0,40
1720,78,78,0,0,43
1721,77,77,0,0,41
1722,77,77,0,0,42
1723,78,78,0,0,37
1724,79,79,0,0,42
1725,79,79,0,0,41
1726,80,80,0,0,34
1727,79,79,0,0,42
1728,80,80,0,0,40
1729,80,80,0,0,42
1730,79,79,0,0,41
1731,79,79,0,0,40
1732,79,79,0,0,41
1733,79,79,0,0,37
1734,78,78,0,0,40
1735,80,80,0,0,40
1736,80,80,0,0,40
1737,77,77,0,0,41
1738,78,78,0,0,40
1739,78,78,0,0,44
1740,78,78,0,0,40
1741,77,77,0,0,42
1742,78,78,0,0,41
1743,78,78,0,0,42
1744,78,78,0,0,38
1745,78,78,0,0,42
1746,79,79,0,0,39
1747,80,80,0,0,42
1748,82,82,0,0,41
1749,82,82,0,0,42
1750,82,82,0,0,37
1751,82,82,0,0,41
1752,82,82,0,0,40
1753,81,81,0,0,36
1754,79,79,0,0,32
1755,79,79,0,0,37
1756,77,77,0,0,33
1757,77,77,0,0,41
1758,78,78,0,0,40
1759,79,79,0,0,41
1760,78,78,0,0,34
1761,79,79,0,0,41
1762,80,80,0,0,42
1763,80,80,0,0,39
1764,79,79,0,0,37
1765,81,81,0,0,40
1766,81,81,0,0,39
1767,81,81,0,0,39
1768,81,81,0,0,39
1769,81,81,0,0,36
1770,81,81,0,0,36
1771,82,82,0,0,41
1772,83,83,0,0,39
1773,83,83,0,0,39
1774,83,83,0,0,40
1775,81,81,0,0,42
1776,82,82,0,0,41
1777,81,81,0,0,36
1778,80,80,0,0,34
1779,79,79,0,0,41
1780,78,78,0,0,40
1781,77,77,0,0,40
1782,78,78,0,0,41
1783,79,79,0,0,40
1784,79,79,0,0,40
1785,78,78,0,0,39
1786,79,79,0,0,40
1787,78,78,0,0,34
1788,78,78,0,0,43
1789,78,78,0,0,40
1790,78,78,0,0,43
1791,78,78,0,0,42
1792,77,77,0,0,40
1793,78,78,0,0,42
1794,80,80,0,0,40
1795,79,79,0,0,42
1796,76,76,0,0,39
1797,77,77,0,0,41
1798,76,76,0,0,44
1799,76,76,0,0,41
1800,77,77,0,0,42
1801,76,76,0,0,39
1802,76,76,0,0,43
1803,78,78,0,0,38
1804,78,78,0,0,41
1805,80,80,0,0,41
1806,80,80,0,0,40
1807,81,81,0,0,40
1808,82,82,0,0,41
1809,81,81,0,0,39
1810,81,81,0,0,39
1811,82,82,0,0,33
1812,82,82,0,0,41
1813,82,82,0,0,37
1814,83,83,0,0,41
1815,84,84,0,0,39
1816,84,84,0,0,39
1817,84,84,0,0,40
1818,86,86,0,0,33
1819,87,87,0,0,36
1820,87,87,0,0,39
1821,87,87,0,0,37
1822,85,85,0,0,37
1823,86,86,0,0,39
1824,86,86,0,0,37
1825,86,86,0,0,36
1826,84,84,0,0,38
1827,83,83,0,0,40
1828,85,85,0,0,38
1829,85,85,0,0,32
1830,86,86,0,0,39
1831,86,86,0,0,39
1832,87,87,0,0,38
1833,87,87,0,0,38
1834,87,87,0,0,38
1835,88,88,0,0,37
1836,88,88,0,0,40
1837,88,88,0,0,39
1838,88,88,0,0,37
1839,89,89,0,0,37
1840,89,89,0,0,37
1841,88,88,0,0,36
1842,88,88,0,0,37
1843,90,90,0,0,37
1844,92,92,0,0,33
1845,91,91,0,0,39
1846,90,90,0,0,32
1847,91,91,0,0,35
1848,91,91,0,0,28
1849,91,91,0,0,34
1850,91,91,0,0,36
1851,92,92,0,0,33
1852,92,92,0,0,38
1853,92,92,0,0,35
1854,91,91,0,0,38
1855,91,91,0,0,38
1856,91,91,0,0,35
1857,90,90,0,0,36
1858,89,89,0,0,36
1859,88,88,0,0,37
1860,89,89,0,0,37
1861,88,88,0,0,34
1862,87,87,0,0,37
1863,86,86,0,0,35
1864,86,86,0,0,37
1865,86,86,0,0,33
1866,87,87,0,0,36
1867,87,87,0,0,38
1868,88,88,0,0,34
1869,88,88,0,0,38
1870,88,88,0,0,39
1871,88,88,0,0,39
1872,88,88,0,0,34
1873,87,87,0,0,28
1874,87,87,0,0,37
1875,88,88,0,0,36
1876,88,88,0,0,35
1877,88,88,0,0,40
1878,89,89,0,0,37
1879,87,87,0,0,34
1880,86,86,0,0,32
1881,86,86,0,0,32
1882,84,84,0,0,25
1883,84,84,0,0,32
1884,83,83,0,0,35
1885,83,83,0,0,33
1886,82,82,0,0,40
1887,83,83,0,0,39
1888,82,82,0,0,39
1889,81,81,0,0,38
1890,82,82,0,0,42
1891,82,82,0,0,40
1892,84,84,0,0,38
1893,84,84,0,0,40
1894,85,85,0,0,39
1895,83,83,0,0,36
1896,84,84,0,0,37
1897,84,84,0,0,38
1898,83,83,0,0,40
1899,83,83,0,0,39
1900,84,84,0,0,40
1901,84,84,0,0,37
1902,84,84,0,0,38
1903,83,83,0,0,38
1904,83,83,0,0,38
1905,83,83,0,0,39
1906,83,83,0,0,40
1907,81,81,0,0,40
1908,81,81,0,0,41
1909,79,79,0,0,38
1910,79,79,0,0,41
1911,80,80,0,0,39
1912,79,79,0,0,40
1913,81,81,0,0,38
1914,80,80,0,0,38
1915,81,81,0,0,31
1916,81,81,0,0,39
1917,81,81,0,0,41
1918,80,80,0,0,40
1919,77,77,0,0,41
1920,78,78,0,0,41
1921,78,78,0,0,41
1922,78,78,0,0,40
1923,76,76,0,0,42
1924,77,77,0,0,40
1925,76,76,0,0,41
1926,77,77,0,0,25
1927,78,78,0,0,38
1928,78,78,0,0,41
1929,78,78,0,0,40
1930,77,77,0,0,40
1931,78,78,0,0,19
1932,79,79,0,0,42
1933,79,79,0,0,40
1934,79,79,0,0,39
1935,78,78,0,0,37
1936,79,79,0,0,36
1937,79,79,0,0,36
1938,79,79,0,0,40
1939,79,79,0,0,39
1940,80,80,0,0,40
1941,81,81,0,0,40
1942,82,82,0,0,40
1943,82,82,0,0,41
1944,82,82,0,0,38
1945,83,83,0,0,39
1946,84,84,0,0,34
1947,84,84,0,0,40
1948,84,84,0,0,34
1949,83,83,0,0,37
1950,82,82,0,0,37
1951,82,82,0,0,35
1952,83,83,0,0,36
1953,83,83,0,0,36
1954,82,82,0,0,38
1955,83,83,0,0,32
1956,83,83,0,0,39
1957,83,83,0,0,37
1958,84,84,0,0,37
1959,84,84,0,0,38
1960,83,83,0,0,39
1961,80,80,0,0,23
1962,79,79,0,0,40
1963,80,80,0,0,41
1964,79,79,0,0,40
1965,77,77,0,0,34
1966,77,77,0,0,42
1967,77,77,0,0,39
1968,77,77,0,0,41
1969,77,77,0,0,40
1970,76,76,0,0,40
1971,76,76,0,0,39
1972,78,78,0,0,39
1973,82,82,0,0,39
1974,81,81,0,0,40
1975,80,80,0,0,39
1976,81,81,0,0,37
1977,81,81,0,0,38
1978,80,80,0,0,40
1979,81,81,0,0,32
1980,81,81,0,0,37
1981,80,80,0,0,35
1982,80,80,0,0,38
1983,81,81,0,0,40
1984,81,81,0,0,37
1985,81,81,0,0,38
1986,81,81,0,0,40
1987,81,81,0,0,38
1988,80,80,0,0,39
1989,79,79,0,0,40
1990,81,81,0,0,39
1991,81,81,0,0,38
1992,79,79,0,0,38
1993,79,79,0,0,41
1994,78,78,0,0,38
1995,78,78,0,0,40
1996,76,76,0,0,41
1997,77,77,0,0,40
1998,76,76,0,0,38
1999,77,77,0,0,39
2000,79,79,0,0,38
2001,81,81,0,0,39
2002,81,81,0,0,39
2003,82,82,0,0,39
2004,82,82,0,0,39
2005,82,82,0,0,37
2006,81,81,0,0,39
2007,81,81,0,0,40
2008,82,82,0,0,34
2009,81,81,0,0,37
2010,80,80,0,0,37
2011,78,78,0,0,37
2012,78,78,0,0,40
2013,77,77,0,0,40
2014,77,77,0,0,38
2015,78,78,0,0,39
2016,78,78,0,0,39
2017,75,75,0,0,38
2018,75,75,0,0,41
2019,77,77,0,0,39
2020,77,77,0,0,37
2021,78,78,0,0,38
2022,79,79,0,0,37
2023,79,79,0,0,40
2024,78,78,0,0,38
2025,78,78,0,0,40
2026,76,76,0,0,40
2027,76,76,0,0,41
2028,78,78,0,0,40
2029,80,80,0,0,40
2030,80,80,0,0,39
2031,80,80,0,0,33
2032,82,82,0,0,35
2033,81,81,0,0,41
2034,82,82,0,0,38
2035,82,82,0,0,36
2036,81,81,0,0,39
2037,81,81,0,0,36
2038,82,82,0,0,37
2039,82,82,0,0,38
2040,82,82,0,0,39
2041,81,81,0,0,37
2042,81,81,0,0,39
2043,81,81,0,0,35
2044,82,82,0,0,39
2045,83,83,0,0,38
2046,83,83,0,0,34
2047,81,81,0,0,39
2048,81,81,0,0,38
2049,82,82,0,0,37
2050,81,81,0,0,33
2051,81,81,0,0,41
2052,80,80,0,0,38
2053,79,79,0,0,36
2054,78,78,0,0,39
2055,77,77,0,0,38
2056,79,79,0,0,40
2057,80,80,0,0,41
2058,80,80,0,0,40
2059,80,80,0,0,37
2060,80,80,0,0,26
2061,82,82,0,0,39
2062,81,81,0,0,38
2063,80,80,0,0,39
2064,83,83,0,0,37
2065,83,83,0,0,34
2066,83,83,0,0,37
2067,83,83,0,0,39
2068,83,83,0,0,39
2069,83,83,0,0,36
2070,82,82,0,0,39
2071,84,84,0,0,37
2072,84,84,0,0,36
2073,81,81,0,0,37
2074,81,81,0,0,36
2075,82,82,0,0,36
2076,82,82,0,0,34
2077,82,82,0,0,39
2078,83,83,0,0,38
2079,84,84,0,0,38
2080,85,85,0,0,36
2081,86,86,0,0,38
2082,87,87,0,0,37
2083,86,86,0,0,37
2084,87,87,0,0,37
2085,88,88,0,0,38
2086,88,88,0,0,37
2087,88,88,0,0,36
2088,88,88,0,0,36
2089,87,87,0,0,37
2090,88,88,0,0,33
2091,87,87,0,0,37
2092,88,88,0,0,34
2093,87,87,0,0,36
2094,87,87,0,0,36
2095,87,87,0,0,36
2096,88,88,0,0,37
2097,89,89,0,0,37
2098,89,89,0,0,36
2099,91,91,0,0,34
2100,92,92,0,0,34
2101,94,94,0,0,37
2102,95,95,0,0,34
2103,95,95,0,0,29
2104,96,96,0,0,35
2105,98,98,0,0,31
2106,100,100,0,0,34
2107,100,100,0,0,30
2108,100,100,0,0,34
2109,99,99,0,0,34
2110,100,100,0,0,34
2111,100,100,0,0,32
2112,99,99,0,0,32
2113,99,99,0,0,32
2114,99,99,0,0,33
2115,101,101,0,0,34
2116,99,99,0,0,35
2117,98,98,0,0,34
2118,97,97,0,0,30
2119,98,98,0,0,35
2120,98,98,0,0,34
2121,98,98,0,0,33
2122,98,98,0,0,34
2123,96,96,0,0,35
2124,95,95,0,0,35
2125,95,95,0,0,34
2126,95,95,0,0,34
2127,91,91,0,0,35
2128,90,90,0,0,35
2129,89,89,0,0,35
2130,88,88,0,0,34
2131,86,86,0,0,37
2132,86,86,0,0,37
2133,87,87,0,0,36
2134,88,88,0,0,34
2135,88,88,0,0,37
2136,87,87,0,0,33
2137,85,85,0,0,39
2138,85,85,0,0,34
2139,85,85,0,0,35
2140,86,86,0,0,32
2141,86,86,0,0,36
2142,86,86,0,0,38
2143,86,86,0,0,37
2144,86,86,0,0,37
2145,86,86,0,0,37
2146,88,88,0,0,37
2147,89,89,0,0,36
2148,89,89,0,0,37
2149,92,92,0,0,35
2150,92,92,0,0,33
2151,93,93,0,0,36
2152,96,96,0,0,33
2153,96,96,0,0,35
2154,94,94,0,0,31
2155,94,94,0,0,35
2156,92,92,0,0,34
2157,91,91,0,0,36
2158,91,91,0,0,36
2159,89,89,0,0,36
2160,88,88,0,0,37
2161,87,87,0,0,36
2162,87,87,0,0,34
2163,86,86,0,0,36
2164,86,86,0,0,33
2165,85,85,0,0,36
2166,83,83,0,0,30
2167,83,83,0,0,34
2168,84,84,0,0,36
2169,86,86,0,0,35
2170,85,85,0,0,37
2171,86,86,0,0,38
2172,86,86,0,0,37
2173,84,84,0,0,34
2174,84,84,0,0,38
2175,85,85,0,0,36
2176,85,85,0,0,36
2177,85,85,0,0,37
2178,85,85,0,0,36
2179,85,85,0,0,36
2180,85,85,0,0,33
2181,82,82,0,0,37
2182,82,82,0,0,37
2183,82,82,0,0,37
2184,80,80,0,0,36
2185,79,79,0,0,33
2186,78,78,0,0,34
2187,76,76,0,0,33
2188,75,75,0,0,32
2189,74,74,0,0,34
2190,75,75,0,0,33
2191,74,74,0,0,35
2192,74,74,0,0,35
2193,75,75,0,0,32
2194,75,75,0,0,38
2195,77,77,0,0,37
2196,75,75,0,0,36
2197,75,75,0,0,39
2198,75,75,0,0,36
2199,76,76,0,0,35
2200,74,74,0,0,40
2201,75,75,0,0,41
2202,74,74,0,0,37
2203,73,73,0,0,33
2204,71,71,0,0,33
2205,70,70,0,0,41
2206,69,69,0,0,43
2207,69,69,0,0,39
2208,69,69,0,0,41
2209,69,69,0,0,39
2210,68,68,0,0,41
2211,68,68,0,0,41
2212,67,67,0,0,43
2213,67,67,0,0,40
2214,69,69,0,0,42
2215,69,69,0,0,39
2216,68,68,0,0,41
2217,69,69,0,0,42
2218,68,68,0,0,43
2219,67,67,0,0,41
2220,69,69,0,0,40
2221,69,69,0,0,41
2222,69,69,0,0,37
2223,72,72,0,0,40
2224,73,73,0,0,35
2225,74,74,0,0,39
2226,73,73,0,0,39
2227,72,72,0,0,38
2228,72,72,0,0,38
2229,72,72,0,0,41
2230,72,72,0,0,39
2231,70,70,0,0,41
2232,69,69,0,0,41
2233,70,70,0,0,40
2234,72,72,0,0,41
2235,70,70,0,0,37
2236,71,71,0,0,36
2237,72,72,0,0,37
2238,73,73,0,0,39
2239,72,72,0,0,39
2240,71,71,0,0,39
2241,70,70,0,0,41
2242,70,70,0,0,41
2243,71,71,0,0,42
2244,71,71,0,0,41
2245,72,72,0,0,37
2246,72,72,0,0,41
2247,71,71,0,0,39
2248,71,71,0,0,41
2249,72,72,0,0,39
2250,72,72,0,0,40
2251,70,70,0,0,36
2252,69,69,0,0,25
2253,69,69,0,0,37
2254,69,69,0,0,40
2255,69,69,0,0,40
2256,69,69,0,0,41
2257,69,69,0,0,41
2258,69,69,0,0,41
2259,70,70,0,0,41
2260,71,71,0,0,40
2261,71,71,0,0,40
2262,71,71,0,0,40
2263,71,71,0,0,42
2264,71,71,0,0,41
2265,71,71,0,0,39
2266,71,71,0,0,40
2267,72,72,0,0,36
2268,72,72,0,0,36
2269,72,72,0,0,35
2270,73,73,0,0,38
2271,72,72,0,0,41
2272,72,72,0,0,39
2273,71,71,0,0,42
2274,71,71,0,0,39
2275,72,72,0,0,38
2276,72,72,0,0,39
2277,72,72,0,0,41
2278,72,72,0,0,36
2279,71,71,0,0,40
2280,70,70,0,0,42
2281,70,70,0,0,40
2282,69,69,0,0,42
2283,68,68,0,0,42
2284,68,68,0,0,42
2285,68,68,0,0,36
2286,68,68,0,0,41
2287,69,69,0,0,43
2288,69,69,0,0,41
2289,69,69,0,0,41
2290,70,70,0,0,41
2291,69,69,0,0,42
2292,72,72,0,0,37
2293,72,72,0,0,39
2294,70,70,0,0,39
2295,70,70,0,0,38
2296,70,70,0,0,40
2297,71,71,0,0,39
2298,71,71,0,0,40
2299,72,72,0,0,38
2300,72,72,0,0,41
2301,73,73,0,0,35
2302,73,73,0,0,39
2303,74,74,0,0,39
2304,75,75,0,0,41
2305,76,76,0,0,38
2306,76,76,0,0,36
2307,77,77,0,0,39
2308,78,78,0,0,39
2309,78,78,0,0,38
2310,78,78,0,0,40
2311,79,79,0,0,36
2312,78,78,0,0,38
2313,79,79,0,0,38
2314,80,80,0,0,38
2315,80,80,0,0,38
2316,80,80,0,0,36
2317,80,80,0,0,37
2318,80,80,0,0,37
2319,79,79,0,0,37
2320,79,79,0,0,34
2321,79,79,0,0,39
2322,80,80,0,0,39
2323,80,80,0,0,35
2324,79,79,0,0,34
2325,79,79,0,0,38
2326,81,81,0,0,37
2327,81,81,0,0,37
2328,82,82,0,0,35
2329,82,82,0,0,15
2330,83,83,0,0,36
2331,83,83,0,0,36
2332,82,82,0,0,34
2333,83,83,0,0,36
2334,83,83,0,0,36
2335,85,85,0,0,36
2336,85,85,0,0,33
2337,84,84,0,0,36
2338,84,84,0,0,37
2339,84,84,0,0,34
2340,84,84,0,0,35
2341,83,83,0,0,35
2342,84,84,0,0,35
2343,85,85,0,0,34
2344,83,83,0,0,37
2345,86,86,0,0,31
2346,86,86,0,0,34
2347,88,88,0,0,29
2348,90,90,0,0,35
2349,92,92,0,0,29
2350,91,91,0,0,34
2351,92,92,0,0,35
2352,90,90,0,0,33
2353,91,91,0,0,36
2354,91,91,0,0,35
2355,91,91,0,0,35
2356,91,91,0,0,34
2357,92,92,0,0,31
2358,93,93,0,0,34
2359,94,94,0,0,34
2360,94,94,0,0,33
2361,95,95,0,0,33
2362,94,94,0,0,32
2363,93,93,0,0,33
2364,93,93,0,0,35
2365,93,93,0,0,33
2366,93,93,0,0,34
2367,93,93,0,0,31
2368,92,92,0,0,34
2369,93,93,0,0,35
2370,93,93,0,0,35
2371,93,93,0,0,34
2372,93,93,0,0,34
2373,94,94,0,0,32
2374,94,94,0,0,33
2375,97,97,0,0,33
2376,96,96,0,0,32
2377,95,95,0,0,35
2378,95,95,0,0,35
2379,92,92,0,0,33
2380,91,91,0,0,35
2381,90,90,0,0,34
2382,88,88,0,0,36
2383,88,88,0,0,35
2384,88,88,0,0,36
2385,86,86,0,0,34
2386,86,86,0,0,36
2387,85,85,0,0,36
2388,85,85,0,0,33
2389,84,84,0,0,36
2390,86,86,0,0,32
2391,85,85,0,0,35
2392,84,84,0,0,36
2393,83,83,0,0,35
2394,82,82,0,0,36
2395,82,82,0,0,35
2396,82,82,0,0,36
2397,83,83,0,0,35
2398,83,83,0,0,33
2399,80,80,0,0,33
2400,80,80,0,0,28
2401,80,80,0,0,37
2402,80,80,0,0,38
2403,82,82,0,0,35
2404,83,83,0,0,33
2405,85,85,0,0,35
2406,84,84,0,0,31
2407,87,87,0,0,34
2408,89,89,0,0,35
2409,90,90,0,0,35
2410,91,91,0,0,31
2411,93,93,0,0,34
2412,94,94,0,0,33
2413,94,94,0,0,36
2414,95,95,0,0,33
2415,96,96,0,0,34
2416,95,95,0,0,33
2417,97,97,0,0,30
2418,97,97,0,0,31
2419,97,97,0,0,34
2420,97,97,0,0,33
2421,96,96,0,0,24
2422,96,96,0,0,29
2423,96,96,0,0,33
2424,96,96,0,0,32
2425,98,98,0,0,30
2426,97,97,0,0,33
2427,97,97,0,0,31
2428,98,98,0,0,32
2429,96,96,0,0,34
2430,95,95,0,0,34
2431,94,94,0,0,35
2432,92,92,0,0,32
2433,93,93,0,0,29
2434,93,93,0,0,32
2435,92,92,0,0,34
2436,91,91,0,0,33
2437,90,90,0,0,33
2438,91,91,0,0,34
2439,91,91,0,0,34
2440,92,92,0,0,32
2441,91,91,0,0,34
2442,90,90,0,0,34
2443,91,91,0,0,34
2444,91,91,0,0,17
2445,92,92,0,0,34
2446,93,93,0,0,33
2447,94,94,0,0,33
2448,97,97,0,0,32
2449,97,97,0,0,33
2450,96,96,0,0,31
2451,99,99,0,0,28
2452,99,99,0,0,34
2453,99,99,0,0,33
2454,100,100,0,0,33
2455,99,99,0,0,29
2456,96,96,0,0,32
2457,96,96,0,0,32
2458,94,94,0,0,32
2459,95,95,0,0,34
2460,95,95,0,0,30
2461,96,96,0,0,31
2462,97,97,0,0,32
2463,97,97,0,0,32
2464,96,96,0,0,26
2465,97,97,0,0,33
2466,97,97,0,0,32
2467,97,97,0,0,32
2468,96,96,0,0,33
2469,96,96,0,0,32
2470,95,95,0,0,32
2471,95,95,0,0,10
2472,94,94,0,0,31
2473,93,93,0,0,35
2474,93,93,0,0,34
2475,92,92,0,0,31
2476,92,92,0,0,33
2477,92,92,0,0,33
2478,90,90,0,0,35
2479,92,92,0,0,33
2480,94,94,0,0,17
2481,95,95,0,0,32
2482,95,95,0,0,32
2483,96,96,0,0,29
2484,100,100,0,0,27
2485,102,102,0,0,28
2486,103,103,0,0,31
2487,104,104,0,0,25
2488,104,104,0,0,33
2489,104,104,0,0,34
2490,105,105,0,0,30
2491,106,106,0,0,25
2492,108,108,0,0,29
2493,110,110,0,0,28
2494,111,111,0,0,27
2495,111,111,0,0,22
2496,112,112,0,0,27
2497,113,113,0,0,24
2498,113,113,0,0,26
2499,112,112,0,0,24
2500,112,112,0,0,27
2501,114,114,0,0,26
2502,112,112,0,0,26
2503,113,113,0,0,29
2504,112,112,0,0,17
2505,112,112,0,0,28
2506,112,112,0,0,29
2507,112,112,0,0,29
2508,112,112,0,0,21
2509,110,110,0,0,29
2510,111,111,0,0,29
2511,112,112,0,0,27
2512,112,112,0,0,28
2513,112,112,0,0,29
2514,112,112,0,0,28
2515,112,112,0,0,27
2516,110,110,0,0,24
2517,113,113,0,0,28
2518,115,115,0,0,28
2519,117,117,0,0,29
2520,118,118,0,0,29
2521,118,118,0,0,19
2522,119,119,0,0,29
2523,118,118,0,0,28
2524,117,117,0,0,27
2525,114,114,0,0,24
2526,114,114,0,0,27
2527,117,117,0,0,29
2528,115,115,0,0,28
2529,116,116,0,0,27
2530,117,117,0,0,29
2531,117,117,0,0,27
2532,117,117,0,0,27
2533,117,117,0,0,26
2534,117,117,0,0,29
2535,116,116,0,0,29
2536,116,116,0,0,12
2537,114,114,0,0,28
2538,114,114,0,0,27
2539,116,116,0,0,28
2540,116,116,0,0,28
2541,117,117,0,0,25
2542,116,116,0,0,26
2543,118,118,0,0,26
2544,120,120,0,0,28
2545,121,121,0,0,25
2546,121,121,0,0,28
2547,122,122,0,0,28
2548,121,121,0,0,27
2549,124,124,0,0,26
2550,122,122,0,0,24
2551,123,123,0,0,27
2552,124,124,0,0,26
2553,126,126,0,0,27
2554,126,126,0,0,27
2555,124,124,0,0,28
2556,124,124,0,0,28
2557,122,122,0,0,28
2558,122,122,0,0,27
2559,122,122,0,0,26
2560,125,125,0,0,25
2561,127,127,0,0,26
2562,126,126,0,0,26
2563,128,128,0,0,25
2564,129,129,0,0,25
2565,128,128,0,0,25
2566,126,126,0,0,29
2567,128,128,0,0,25
2568,127,127,0,0,27
2569,129,129,0,0,25
2570,130,130,0,0,25
2571,131,131,0,0,25
2572,132,132,0,0,26
2573,132,132,0,0,26
2574,131,131,0,0,26
2575,129,129,0,0,24
2576,128,128,0,0,25
2577,128,128,0,0,26
2578,129,129,0,0,24
2579,130,130,0,0,26
2580,129,129,0,0,26
2581,128,128,0,0,14
2582,127,127,0,0,26
2583,126,126,0,0,26
2584,126,126,0,0,25
2585,127,127,0,0,27
2586,126,126,0,0,26
2587,126,126,0,0,27
2588,126,126,0,0,27
2589,127,127,0,0,25
2590,126,126,0,0,27
2591,128,128,0,0,26
2592,127,127,0,0,26
2593,128,128,0,0,27
2594,127,127,0,0,28
2595,131,131,0,0,26
2596,133,133,0,0,26
2597,134,134,0,0,26
2598,134,134,0,0,24
2599,135,135,0,0,24
2600,133,133,0,0,26
2601,131,131,0,0,23
2602,131,131,0,0,26
2603,130,130,0,0,26
2604,130,130,0,0,25
2605,132,132,0,0,26
2606,131,131,0,0,26
2607,131,131,0,0,27
2608,132,132,0,0,26
2609,130,130,0,0,26
2610,130,130,0,0,26
2611,128,128,0,0,24
2612,128,128,0,0,27
2613,128,128,0,0,26
2614,126,126,0,0,23
2615,124,124,0,0,25
2616,122,122,0,0,25
2617,123,123,0,0,28
2618,120,120,0,0,29
2619,119,119,0,0,28
2620,116,116,0,0,25
2621,115,115,0,0,29
2622,114,114,0,0,28
2623,113,113,0,0,28
2624,115,115,0,0,28
2625,116,116,0,0,27
2626,117,117,0,0,28
2627,117,117,0,0,26
2628,118,118,0,0,27
2629,118,118,0,0,27
2630,117,117,0,0,27
2631,117,117,0,0,16
2632,115,115,0,0,27
2633,114,114,0,0,27
2634,114,114,0,0,25
2635,114,114,0,0,28
2636,112,112,0,0,28
2637,113,113,0,0,28
2638,112,112,0,0,29
2639,113,113,0,0,25
2640,111,111,0,0,29
2641,110,110,0,0,29
2642,110,110,0,0,29
2643,110,110,0,0,27
2644,111,111,0,0,28
2645,109,109,0,0,30
2646,108,108,0,0,29
2647,108,108,0,0,28
2648,108,108,0,0,29
2649,109,109,0,0,29
2650,108,108,0,0,29
2651,110,110,0,0,29
2652,108,108,0,0,29
2653,109,109,0,0,29
2654,110,110,0,0,27
2655,112,112,0,0,28
2656,112,112,0,0,27
2657,113,113,0,0,17
2658,114,114,0,0,29
2659,113,113,0,0,31
2660,113,113,0,0,29
2661,114,114,0,0,31
2662,115,115,0,0,32
2663,116,116,0,0,31
2664,116,116,0,0,33
2665,116,116,0,0,30
2666,120,120,0,0,30
2667,119,119,0,0,30
2668,121,121,0,0,28
2669,121,121,0,0,31
2670,122,122,0,0,29
2671,125,125,0,0,29
2672,127,127,0,0,27
2673,127,127,0,0,30
2674,128,128,0,0,28
2675,128,128,0,0,30
2676,128,128,0,0,29
2677,127,127,0,0,30
2678,128,128,0,0,27
2679,128,128,0,0,29
2680,128,128,0,0,29
2681,128,128,0,0,30
2682,127,127,0,0,29
2683,129,129,0,0,28
2684,130,130,0,0,29
2685,132,132,0,0,27
2686,131,131,0,0,29
2687,131,131,0,0,29
2688,132,132,0,0,28
2689,132,132,0,0,14
2690,134,134,0,0,27
2691,132,132,0,0,29
2692,130,130,0,0,28
2693,130,130,0,0,29
2694,127,127,0,0,29
2695,126,126,0,0,30
2696,126,126,0,0,29
2697,126,126,0,0,30
2698,124,124,0,0,29
2699,123,123,0,0,29
2700,124,124,0,0,29
2701,125,125,0,0,31
2702,126,126,0,0,29
2703,123,123,0,0,27
2704,123,123,0,0,31
2705,122,122,0,0,31
2706,120,120,0,0,30
2707,120,120,0,0,29
2708,120,120,0,0,31
2709,121,121,0,0,30
2710,125,125,0,0,27
2711,125,125,0,0,30
2712,124,124,0,0,30
2713,123,123,0,0,28
2714,122,122,0,0,28
2715,120,120,0,0,30
2716,119,119,0,0,30
2717,114,114,0,0,32
2718,114,114,0,0,31
2719,114,114,0,0,32
2720,111,111,0,0,30
2721,110,110,0,0,30
2722,111,111,0,0,31
2723,112,112,0,0,29
2724,111,111,0,0,31
2725,110,110,0,0,32
2726,110,110,0,0,28
2727,108,108,0,0,33
2728,109,109,0,0,32
2729,109,109,0,0,33
2730,107,107,0,0,31
2731,107,107,0,0,30
2732,106,106,0,0,32
2733,106,106,0,0,32
2734,106,106,0,0,31
2735,105,105,0,0,24
2736,105,105,0,0,33
2737,103,103,0,0,33
2738,102,102,0,0,34
2739,101,101,0,0,29
2740,100,100,0,0,34
2741,101,101,0,0,33
2742,102,102,0,0,34
2743,102,102,0,0,33
2744,104,104,0,0,33
2745,105,105,0,0,33
2746,103,103,0,0,33
2747,104,104,0,0,33
2748,106,106,0,0,33
2749,106,106,0,0,32
2750,107,107,0,0,33
2751,108,108,0,0,32
2752,108,108,0,0,33
2753,106,106,0,0,33
2754,106,106,0,0,33
2755,107,107,0,0,32
2756,106,106,0,0,32
2757,107,107,0,0,33
2758,106,106,0,0,31
2759,105,105,0,0,33
2760,105,105,0,0,33
2761,106,106,0,0,33
2762,106,106,0,0,31
2763,108,108,0,0,13
2764,106,106,0,0,32
2765,103,103,0,0,32
2766,103,103,0,0,30
2767,103,103,0,0,30
2768,107,107,0,0,31
2769,111,111,0,0,27
2770,110,110,0,0,30
2771,110,110,0,0,32
2772,110,110,0,0,31
2773,110,110,0,0,32
2774,112,112,0,0,26
2775,111,111,0,0,31
2776,112,112,0,0,31
2777,112,112,0,0,32
2778,112,112,0,0,31
2779,109,109,0,0,31
2780,109,109,0,0,32
2781,108,108,0,0,29
2782,106,106,0,0,32
2783,107,107,0,0,31
2784,105,105,0,0,32
2785,104,104,0,0,32
2786,103,103,0,0,32
2787,102,102,0,0,31
2788,102,102,0,0,32
2789,102,102,0,0,34
2790,102,102,0,0,33
2791,103,103,0,0,32
2792,101,101,0,0,32
2793,98,98,0,0,34
2794,97,97,0,0,34
2795,96,96,0,0,33
2796,96,96,0,0,33
2797,96,96,0,0,31
2798,96,96,0,0,33
2799,97,97,0,0,33
2800,97,97,0,0,29
2801,97,97,0,0,33
2802,99,99,0,0,32
2803,98,98,0,0,28
2804,98,98,0,0,31
2805,98,98,0,0,28
2806,98,98,0,0,27
2807,97,97,0,0,29
2808,98,98,0,0,30
2809,98,98,0,0,29
2810,98,98,0,0,33
2811,96,96,0,0,19
2812,98,98,0,0,33
2813,97,97,0,0,32
2814,97,97,0,0,32
2815,98,98,0,0,34
2816,96,96,0,0,33
2817,95,95,0,0,33
2818,95,95,0,0,32
2819,97,97,0,0,34
2820,96,96,0,0,33
2821,98,98,0,0,34
2822,97,97,0,0,33
2823,96,96,0,0,34
2824,98,98,0,0,34
2825,96,96,0,0,33
2826,95,95,0,0,34
2827,96,96,0,0,34
2828,97,97,0,0,33
2829,97,97,0,0,33
2830,99,99,0,0,34
2831,99,99,0,0,30
2832,99,99,0,0,33
2833,100,100,0,0,27
2834,100,100,0,0,33
2835,101,101,0,0,33
2836,102,102,0,0,33
2837,102,102,0,0,33
2838,100,100,0,0,32
2839,104,104,0,0,33
2840,104,104,0,0,32
2841,103,103,0,0,33
2842,105,105,0,0,31
2843,105,105,0,0,32
2844,106,106,0,0,32
2845,105,105,0,0,33
2846,104,104,0,0,32
2847,103,103,0,0,32
2848,103,103,0,0,33
2849,102,102,0,0,33
2850,102,102,0,0,33
2851,102,102,0,0,30
2852,103,103,0,0,33
2853,103,103,0,0,33
2854,103,103,0,0,32
2855,103,103,0,0,33
2856,103,103,0,0,32
2857,102,102,0,0,31
2858,100,100,0,0,32
2859,100,100,0,0,34
2860,99,99,0,0,33
2861,100,100,0,0,31
2862,101,101,0,0,32
2863,100,100,0,0,32
2864,100,100,0,0,29
2865,102,102,0,0,33
2866,101,101,0,0,31
2867,100,100,0,0,33
2868,100,100,0,0,32
2869,98,98,0,0,32
2870,103,103,0,0,32
2871,103,103,0,0,32
2872,103,103,0,0,32
2873,105,105,0,0,31
2874,105,105,0,0,32
2875,105,105,0,0,32
2876,105,105,0,0,32
2877,107,107,0,0,32
2878,107,107,0,0,32
2879,106,106,0,0,32
2880,105,105,0,0,31
2881,103,103,0,0,33
2882,104,104,0,0,32
2883,103,103,0,0,32
2884,100,100,0,0,33
2885,99,99,0,0,32
2886,98,98,0,0,34
2887,98,98,0,0,34
2888,99,99,0,0,33
2889,98,98,0,0,33
2890,97,97,0,0,33
2891,95,95,0,0,32
2892,95,95,0,0,33
2893,95,95,0,0,33
2894,97,97,0,0,33
2895,98,98,0,0,33
2896,99,99,0,0,33
2897,97,97,0,0,29
2898,97,97,0,0,14
2899,98,98,0,0,32
2900,100,100,0,0,30
2901,100,100,0,0,29
2902,100,100,0,0,30
2903,99,99,0,0,33
2904,99,99,0,0,34
2905,101,101,0,0,32
2906,100,100,0,0,32
2907,99,99,0,0,32
2908,100,100,0,0,32
2909,99,99,0,0,31
2910,98,98,0,0,32
2911,96,96,0,0,32
2912,96,96,0,0,30
2913,94,94,0,0,33
2914,93,93,0,0,33
2915,92,92,0,0,33
2916,93,93,0,0,34
2917,94,94,0,0,33
2918,92,92,0,0,35
2919,90,90,0,0,33
2920,89,89,0,0,35
2921,90,90,0,0,34
2922,89,89,0,0,35
2923,89,89,0,0,34
2924,88,88,0,0,34
2925,84,84,0,0,35
2926,84,84,0,0,34
2927,83,83,0,0,25
2928,84,84,0,0,34
2929,86,86,0,0,36
2930,87,87,0,0,34
2931,86,86,0,0,36
2932,85,85,0,0,36
2933,82,82,0,0,36
2934,83,83,0,0,34
2935,83,83,0,0,34
2936,85,85,0,0,34
2937,85,85,0,0,36
2938,86,86,0,0,15
2939,87,87,0,0,35
2940,87,87,0,0,35
2941,87,87,0,0,35
2942,88,88,0,0,34
2943,86,86,0,0,34
2944,86,86,0,0,35
2945,86,86,0,0,34
2946,86,86,0,0,35
2947,87,87,0,0,34
2948,88,88,0,0,35
2949,89,89,0,0,17
2950,89,89,0,0,35
2951,90,90,0,0,34
2952,90,90,0,0,35
2953,90,90,0,0,33
2954,91,91,0,0,35
2955,91,91,0,0,35
2956,91,91,0,0,34
2957,92,92,0,0,34
2958,92,92,0,0,34
2959,93,93,0,0,34
2960,92,92,0,0,15
2961,92,92,0,0,31
2962,91,91,0,0,34
2963,91,91,0,0,35
2964,90,90,0,0,32
2965,89,89,0,0,34
2966,88,88,0,0,18
2967,87,87,0,0,35
2968,88,88,0,0,34
2969,88,88,0,0,34
2970,87,87,0,0,33
2971,87,87,0,0,34
2972,88,88,0,0,35
2973,87,87,0,0,35
2974,87,87,0,0,34
2975,88,88,0,0,34
2976,88,88,0,0,33
2977,88,88,0,0,34
2978,88,88,0,0,35
2979,88,88,0,0,33
2980,86,86,0,0,34
2981,87,87,0,0,34
2982,86,86,0,0,34
2983,85,85,0,0,34
2984,83,83,0,0,33
2985,82,82,0,0,35
2986,83,83,0,0,35
2987,84,84,0,0,33
2988,83,83,0,0,35
2989,81,81,0,0,36
2990,81,81,0,0,36
2991,81,81,0,0,37
2992,80,80,0,0,35
2993,81,81,0,0,36
2994,82,82,0,0,34
2995,82,82,0,0,36
2996,81,81,0,0,35
2997,82,82,0,0,35
2998,82,82,0,0,35
2999,85,85,0,0,35
3000,85,85,0,0,34
3001,86,86,0,0,35
3002,86,86,0,0,16
3003,87,87,0,0,35
3004,87,87,0,0,34
3005,88,88,0,0,34
3006,88,88,0,0,35
3007,88,88,0,0,35
3008,89,89,0,0,34
3009,90,90,0,0,35
3010,90,90,0,0,35
3011,90,90,0,0,33
3012,90,90,0,0,34
3013,90,90,0,0,23
3014,90,90,0,0,33
3015,91,91,0,0,34
3016,91,91,0,0,33
3017,91,91,0,0,34
3018,92,92,0,0,33
3019,91,91,0,0,34
3020,91,91,0,0,34
3021,90,90,0,0,33
3022,90,90,0,0,33
3023,90,90,0,0,34
3024,91,91,0,0,34
3025,91,91,0,0,31
3026,91,91,0,0,33
3027,92,92,0,0,34
3028,94,94,0,0,33
3029,95,95,0,0,33
3030,93,93,0,0,32
3031,93,93,0,0,34
3032,92,92,0,0,33
3033,92,92,0,0,34
3034,93,93,0,0,33
3035,93,93,0,0,33
3036,93,93,0,0,34
3037,92,92,0,0,33
3038,92,92,0,0,34
3039,91,91,0,0,32
3040,94,94,0,0,34
3041,94,94,0,0,34
3042,93,93,0,0,34
3043,94,94,0,0,33
3044,92,92,0,0,33
3045,92,92,0,0,31
3046,93,93,0,0,34
3047,93,93,0,0,34
3048,94,94,0,0,32
3049,95,95,0,0,33
3050,95,95,0,0,31
3051,94,94,0,0,31
3052,94,94,0,0,33
3053,94,94,0,0,33
3054,93,93,0,0,33
3055,92,92,0,0,33
3056,92,92,0,0,29
3057,92,92,0,0,34
3058,92,92,0,0,30
3059,89,89,0,0,31
3060,88,88,0,0,34
3061,87,87,0,0,34
3062,86,86,0,0,34
3063,86,86,0,0,32
3064,84,84,0,0,35
3065,85,85,0,0,34
3066,86,86,0,0,31
3067,86,86,0,0,33
3068,86,86,0,0,35
3069,87,87,0,0,34
3070,89,89,0,0,30
3071,90,90,0,0,34
3072,90,90,0,0,34
3073,90,90,0,0,34
3074,90,90,0,0,33
3075,90,90,0,0,33
3076,90,90,0,0,34
3077,88,88,0,0,33
3078,89,89,0,0,33
3079,88,88,0,0,35
3080,88,88,0,0,34
3081,88,88,0,0,34
3082,91,91,0,0,32
3083,93,93,0,0,30
3084,92,92,0,0,33
3085,92,92,0,0,34
3086,91,91,0,0,34
3087,92,92,0,0,22
3088,92,92,0,0,33
3089,92,92,0,0,28
3090,93,93,0,0,32
3091,92,92,0,0,32
3092,91,91,0,0,33
3093,91,91,0,0,34
3094,86,86,0,0,32
3095,84,84,0,0,35
3096,84,84,0,0,35
3097,85,85,0,0,34
3098,85,85,0,0,33
3099,84,84,0,0,34
3100,86,86,0,0,34
3101,86,86,0,0,34
3102,85,85,0,0,33
3103,86,86,0,0,31
3104,86,86,0,0,34
3105,88,88,0,0,35
3106,88,88,0,0,35
3107,88,88,0,0,33
3108,88,88,0,0,34
3109,86,86,0,0,33
3110,87,87,0,0,29
3111,85,85,0,0,31
3112,83,83,0,0,30
3113,83,83,0,0,30
3114,81,81,0,0,30
3115,81,81,0,0,30
3116,81,81,0,0,31
3117,80,80,0,0,35
3118,78,78,0,0,33
3119,77,77,0,0,36
3120,77,77,0,0,35
3121,78,78,0,0,32
3122,78,78,0,0,31
3123,80,80,0,0,34
3124,82,82,0,0,35
3125,83,83,0,0,36
3126,83,83,0,0,33
3127,83,83,0,0,34
3128,85,85,0,0,34
3129,86,86,0,0,34
3130,87,87,0,0,35
3131,86,86,0,0,34
3132,88,88,0,0,33
3133,89,89,0,0,33
3134,88,88,0,0,34
3135,86,86,0,0,33
3136,87,87,0,0,35
3137,87,87,0,0,35
3138,87,87,0,0,32
3139,88,88,0,0,30
3140,89,89,0,0,33
3141,89,89,0,0,34
3142,87,87,0,0,34
3143,87,87,0,0,32
3144,86,86,0,0,33
3145,85,85,0,0,34
3146,84,84,0,0,23
3147,84,84,0,0,35
3148,86,86,0,0,33
3149,87,87,0,0,34
3150,87,87,0,0,35
3151,87,87,0,0,35
3152,87,87,0,0,34
3153,87,87,0,0,34
3154,89,89,0,0,34
3155,91,91,0,0,33
3156,90,90,0,0,34
3157,88,88,0,0,34
3158,87,87,0,0,34
3159,87,87,0,0,33
3160,87,87,0,0,35
3161,87,87,0,0,34
3162,87,87,0,0,34
3163,86,86,0,0,34
3164,87,87,0,0,21
3165,89,89,0,0,34
3166,89,89,0,0,33
3167,90,90,0,0,34
3168,91,91,0,0,34
3169,91,91,0,0,33
3170,92,92,0,0,33
3171,92,92,0,0,34
3172,93,93,0,0,32
3173,93,93,0,0,33
3174,93,93,0,0,31
3175,93,93,0,0,23
3176,96,96,0,0,33
3177,95,95,0,0,33
3178,95,95,0,0,33
3179,94,94,0,0,33
3180,93,93,0,0,32
3181,93,93,0,0,32
3182,95,95,0,0,32
3183,95,95,0,0,33
3184,91,91,0,0,33
3185,92,92,0,0,33
3186,92,92,0,0,30
3187,93,93,0,0,33
3188,95,95,0,0,33
3189,96,96,0,0,32
3190,95,95,0,0,32
3191,95,95,0,0,32
3192,96,96,0,0,31
3193,95,95,0,0,29
3194,95,95,0,0,32
3195,95,95,0,0,33
3196,96,96,0,0,33
3197,96,96,0,0,32
3198,96,96,0,0,31
3199,95,95,0,0,33
3200,99,99,0,0,30
3201,99,99,0,0,30
3202,99,99,0,0,32
3203,98,98,0,0,31
3204,98,98,0,0,32
3205,98,98,0,0,32
3206,100,100,0,0,32
3207,101,101,0,0,31
3208,102,102,0,0,30
3209,104,104,0,0,30
3210,105,105,0,0,21
3211,105,105,0,0,30
3212,105,105,0,0,31
3213,106,106,0,0,30
3214,108,108,0,0,27
3215,106,106,0,0,31
3216,107,107,0,0,30
3217,107,107,0,0,27
3218,108,108,0,0,30
3219,108,108,0,0,29
3220,108,108,0,0,16
3221,107,107,0,0,31
3222,107,107,0,0,30
3223,108,108,0,0,27
3224,107,107,0,0,31
3225,106,106,0,0,30
3226,106,106,0,0,30
3227,106,106,0,0,31
3228,104,104,0,0,30
3229,103,103,0,0,31
3230,102,102,0,0,29
3231,99,99,0,0,29
3232,103,103,0,0,30
3233,103,103,0,0,30
3234,104,104,0,0,31
3235,102,102,0,0,30
3236,103,103,0,0,30
3237,102,102,0,0,32
3238,102,102,0,0,31
3239,102,102,0,0,30
3240,102,102,0,0,30
3241,101,101,0,0,31
3242,101,101,0,0,32
3243,104,104,0,0,29
3244,104,104,0,0,31
3245,105,105,0,0,31
3246,105,105,0,0,31
3247,104,104,0,0,30
3248,103,103,0,0,32
3249,101,101,0,0,31
3250,101,101,0,0,26
3251,105,105,0,0,28
3252,106,106,0,0,30
3253,107,107,0,0,30
3254,107,107,0,0,29
3255,106,106,0,0,31
3256,104,104,0,0,31
3257,104,104,0,0,29
3258,105,105,0,0,30
3259,105,105,0,0,31
3260,105,105,0,0,32
3261,105,105,0,0,32
3262,106,106,0,0,31
3263,106,106,0,0,30
3264,105,105,0,0,30
3265,104,104,0,0,29
3266,105,105,0,0,29
3267,105,105,0,0,31
3268,105,105,0,0,32
3269,105,105,0,0,30
3270,104,104,0,0,32
3271,103,103,0,0,31
3272,101,101,0,0,30
3273,101,101,0,0,31
3274,102,102,0,0,32
3275,102,102,0,0,31
3276,102,102,0,0,33
3277,102,102,0,0,33
3278,99,99,0,0,32
3279,95,95,0,0,34
3280,95,95,0,0,32
3281,94,94,0,0,34
3282,95,95,0,0,34
3283,95,95,0,0,31
3284,97,97,0,0,33
3285,97,97,0,0,33
3286,97,97,0,0,34
3287,96,96,0,0,34
3288,96,96,0,0,34
3289,95,95,0,0,33
3290,95,95,0,0,33
3291,93,93,0,0,33
3292,93,93,0,0,32
3293,93,93,0,0,34
3294,93,93,0,0,33
3295,91,91,0,0,34
3296,93,93,0,0,34
3297,91,91,0,0,34
3298,88,88,0,0,34
3299,88,88,0,0,35
3300,88,88,0,0,36
3301,88,88,0,0,31
3302,86,86,0,0,31
3303,86,86,0,0,35
3304,86,86,0,0,36
3305,85,85,0,0,35
3306,85,85,0,0,35
3307,84,84,0,0,35
3308,83,83,0,0,35
3309,83,83,0,0,34
3310,83,83,0,0,36
3311,84,84,0,0,34
3312,83,83,0,0,36
3313,82,82,0,0,33
3314,82,82,0,0,36
3315,82,82,0,0,35
3316,81,81,0,0,32
3317,80,80,0,0,36
3318,79,79,0,0,37
3319,78,78,0,0,37
3320,78,78,0,0,38
3321,78,78,0,0,36
3322,77,77,0,0,36
3323,77,77,0,0,37
3324,77,77,0,0,36
3325,77,77,0,0,37
3326,78,78,0,0,36
3327,80,80,0,0,35
3328,80,80,0,0,36
3329,80,80,0,0,36
3330,81,81,0,0,35
3331,81,81,0,0,36
3332,81,81,0,0,37
3333,80,80,0,0,37
3334,79,79,0,0,37
3335,79,79,0,0,37
3336,79,79,0,0,35
3337,78,78,0,0,35
3338,77,77,0,0,36
3339,77,77,0,0,36
3340,75,75,0,0,38
3341,74,74,0,0,38
3342,73,73,0,0,37
3343,74,74,0,0,37
3344,74,74,0,0,37
3345,74,74,0,0,36
3346,74,74,0,0,36
3347,75,75,0,0,34
3348,74,74,0,0,38
3349,74,74,0,0,37
3350,74,74,0,0,38
3351,71,71,0,0,37
3352,71,71,0,0,38
3353,71,71,0,0,38
3354,71,71,0,0,37
3355,73,73,0,0,38
3356,73,73,0,0,38
3357,72,72,0,0,37
3358,74,74,0,0,38
3359,73,73,0,0,38
3360,73,73,0,0,38
3361,74,74,0,0,37
3362,74,74,0,0,36
3363,74,74,0,0,24
3364,74,74,0,0,37
3365,73,73,0,0,38
3366,73,73,0,0,38
3367,71,71,0,0,37
3368,72,72,0,0,38
3369,73,73,0,0,37
3370,72,72,0,0,38
3371,71,71,0,0,37
3372,70,70,0,0,39
3373,68,68,0,0,38
3374,68,68,0,0,39
3375,68,68,0,0,38
3376,68,68,0,0,39
3377,68,68,0,0,40
3378,67,67,0,0,38
3379,66,66,0,0,39
3380,66,66,0,0,35
3381,68,68,0,0,38
3382,68,68,0,0,39
3383,69,69,0,0,38
3384,68,68,0,0,38
3385,68,68,0,0,38
3386,68,68,0,0,39
3387,68,68,0,0,39
3388,68,68,0,0,39
3389,68,68,0,0,39
3390,70,70,0,0,38
3391,70,70,0,0,37
3392,70,70,0,0,38
3393,70,70,0,0,38
3394,69,69,0,0,38
3395,68,68,0,0,38
3396,68,68,0,0,39
3397,68,68,0,0,38
3398,67,67,0,0,38
3399,68,68,0,0,38
3400,68,68,0,0,39
3401,67,67,0,0,39
3402,67,67,0,0,39
3403,66,66,0,0,40
3404,66,66,0,0,40
3405,67,67,0,0,39
3406,68,68,0,0,38
3407,67,67,0,0,39
3408,65,65,0,0,38
3409,66,66,0,0,39
3410,66,66,0,0,39
3411,67,67,0,0,39
3412,68,68,0,0,36
3413,68,68,0,0,36
3414,69,69,0,0,38
3415,69,69,0,0,38
3416,68,68,0,0,39
3417,68,68,0,0,35
3418,69,69,0,0,36
3419,70,70,0,0,34
3420,69,69,0,0,35
3421,69,69,0,0,34
3422,69,69,0,0,33
3423,69,69,0,0,35
3424,70,70,0,0,39
3425,71,71,0,0,38
3426,71,71,0,0,38
3427,71,71,0,0,38
3428,72,72,0,0,38
3429,71,71,0,0,38
3430,71,71,0,0,38
3431,71,71,0,0,37
3432,71,71,0,0,38
3433,71,71,0,0,37
3434,71,71,0,0,38
3435,69,69,0,0,39
3436,69,69,0,0,38
3437,70,70,0,0,38
3438,70,70,0,0,28
3439,70,70,0,0,27
3440,70,70,0,0,36
3441,70,70,0,0,20
3442,68,68,0,0,35
3443,68,68,0,0,27
3444,68,68,0,0,35
3445,70,70,0,0,29
3446,70,70,0,0,34
3447,70,70,0,0,35
3448,70,70,0,0,32
3449,71,71,0,0,36
3450,70,70,0,0,26
3451,69,69,0,0,28
3452,70,70,0,0,37
3453,70,70,0,0,36
3454,70,70,0,0,34
3455,71,71,0,0,34
3456,71,71,0,0,37
3457,71,71,0,0,16
3458,71,71,0,0,36
3459,72,72,0,0,36
3460,72,72,0,0,37
3461,70,70,0,0,36
3462,70,70,0,0,36
3463,70,70,0,0,37
3464,69,69,0,0,34
3465,69,69,0,0,37
3466,69,69,0,0,36
3467,68,68,0,0,37
3468,68,68,0,0,36
3469,67,67,0,0,36
3470,66,66,0,0,36
3471,66,66,0,0,37
3472,66,66,0,0,36
3473,66,66,0,0,36
3474,67,67,0,0,36
3475,67,67,0,0,37
3476,67,67,0,0,36
3477,67,67,0,0,37
3478,68,68,0,0,35
3479,69,69,0,0,36
3480,68,68,0,0,35
3481,69,69,0,0,33
3482,70,70,0,0,35
3483,70,70,0,0,34
3484,70,70,0,0,35
3485,70,70,0,0,36
3486,73,73,0,0,33
3487,73,73,0,0,35
3488,73,73,0,0,34
3489,73,73,0,0,36
3490,74,74,0,0,36
3491,73,73,0,0,36
3492,72,72,0,0,36
3493,74,74,0,0,36
3494,73,73,0,0,37
3495,73,73,0,0,35
3496,73,73,0,0,36
3497,74,74,0,0,35
3498,75,75,0,0,36
3499,75,75,0,0,36
3500,75,75,0,0,35
3501,74,74,0,0,36
3502,74,74,0,0,36
3503,74,74,0,0,35
3504,72,72,0,0,36
3505,72,72,0,0,33
3506,71,71,0,0,35
3507,71,71,0,0,36
3508,69,69,0,0,36
3509,69,69,0,0,36
3510,69,69,0,0,37
3511,69,69,0,0,37
3512,69,69,0,0,35
3513,69,69,0,0,36
3514,70,70,0,0,29
3515,70,70,0,0,36
3516,70,70,0,0,35
3517,72,72,0,0,36
3518,77,77,0,0,33
3519,77,77,0,0,35
3520,77,77,0,0,34
3521,77,77,0,0,34
3522,77,77,0,0,33
3523,77,77,0,0,36
3524,78,78,0,0,34
3525,78,78,0,0,35
3526,77,77,0,0,35
3527,77,77,0,0,33
3528,77,77,0,0,34
3529,77,77,0,0,35
3530,76,76,0,0,35
3531,77,77,0,0,33
3532,76,76,0,0,35
3533,76,76,0,0,35
3534,74,74,0,0,34
3535,74,74,0,0,34
3536,73,73,0,0,35
3537,73,73,0,0,35
3538,72,72,0,0,36
3539,73,73,0,0,35
3540,73,73,0,0,35
3541,71,71,0,0,36
3542,71,71,0,0,32
3543,72,72,0,0,36
3544,72,72,0,0,35
3545,71,71,0,0,35
3546,70,70,0,0,36
3547,69,69,0,0,35
3548,69,69,0,0,32
3549,68,68,0,0,36
3550,69,69,0,0,35
3551,69,69,0,0,35
3552,69,69,0,0,35
3553,70,70,0,0,32
3554,71,71,0,0,35
3555,71,71,0,0,15
3556,71,71,0,0,35
3557,71,71,0,0,35
3558,71,71,0,0,36
3559,72,72,0,0,33
3560,73,73,0,0,34
3561,73,73,0,0,18
3562,73,73,0,0,35
3563,74,74,0,0,35
3564,74,74,0,0,35
3565,73,73,0,0,35
3566,70,70,0,0,37
3567,68,68,0,0,37
3568,67,67,0,0,34
3569,67,67,0,0,36
3570,70,70,0,0,33
3571,70,70,0,0,34
3572,70,70,0,0,36
3573,69,69,0,0,37
3574,69,69,0,0,35
3575,69,69,0,0,36
3576,70,70,0,0,36
3577,70,70,0,0,36
3578,70,70,0,0,32
3579,69,69,0,0,36
3580,70,70,0,0,36
3581,70,70,0,0,36
3582,70,70,0,0,35
3583,71,71,0,0,35
3584,71,71,0,0,36
3585,71,71,0,0,36
3586,71,71,0,0,36
3587,71,71,0,0,34
3588,71,71,0,0,36
3589,71,71,0,0,35
3590,70,70,0,0,36
3591,71,71,0,0,35
3592,71,71,0,0,36
3593,71,71,0,0,36
3594,71,71,0,0,36
3595,71,71,0,0,35
3596,71,71,0,0,19
3597,72,72,0,0,34
3598,74,74,0,0,34
3599,75,75,0,0,35
3600,75,75,0,0,34
3601,75,75,0,0,35
3602,74,74,0,0,35
3603,74,74,0,0,34
3604,73,73,0,0,36
3605,73,73,0,0,36
3606,74,74,0,0,35
3607,74,74,0,0,35
3608,72,72,0,0,34
3609,70,70,0,0,36
3610,71,71,0,0,36
3611,71,71,0,0,34
3612,69,69,0,0,36
3613,69,69,0,0,36
3614,70,70,0,0,35
3615,71,71,0,0,34
3616,70,70,0,0,36
3617,70,70,0,0,36
3618,70,70,0,0,36
3619,70,70,0,0,15
3620,70,70,0,0,36
3621,70,70,0,0,36
3622,70,70,0,0,35
3623,70,70,0,0,36
3624,69,69,0,0,35
3625,70,70,0,0,35
3626,70,70,0,0,35
3627,70,70,0,0,35
3628,70,70,0,0,37
3629,71,71,0,0,35
3630,71,71,0,0,17
3631,72,72,0,0,33
3632,70,70,0,0,35
3633,69,69,0,0,35
3634,70,70,0,0,35
3635,69,69,0,0,36
3636,68,68,0,0,35
3637,67,67,0,0,36
3638,68,68,0,0,36
3639,68,68,0,0,36
3640,67,67,0,0,36
3641,67,67,0,0,37
3642,67,67,0,0,29
3643,66,66,0,0,37
3644,66,66,0,0,37
3645,66,66,0,0,36
3646,65,65,0,0,36
3647,65,65,0,0,36
3648,64,64,0,0,36
3649,65,65,0,0,37
3650,65,65,0,0,37
3651,64,64,0,0,37
3652,64,64,0,0,36
3653,64,64,0,0,37
3654,64,64,0,0,37
3655,62,62,0,0,37
3656,62,62,0,0,37
3657,62,62,0,0,36
3658,63,63,0,0,36
3659,63,63,0,0,36
3660,64,64,0,0,37
3661,63,63,0,0,36
3662,63,63,0,0,37
3663,63,63,0,0,34
3664,62,62,0,0,36
3665,61,61,0,0,38
3666,59,59,0,0,37
3667,59,59,0,0,37
3668,59,59,0,0,38
3669,58,58,0,0,38
3670,56,56,0,0,39
3671,56,56,0,0,38
3672,55,55,0,0,39
3673,56,56,0,0,36
3674,55,55,0,0,38
3675,54,54,0,0,38
3676,54,54,0,0,39
3677,54,54,0,0,38
3678,54,54,0,0,39
3679,55,55,0,0,39
3680,56,56,0,0,39
3681,56,56,0,0,38
3682,56,56,0,0,39
3683,56,56,0,0,39
3684,56,56,0,0,39
3685,56,56,0,0,38
3686,57,57,0,0,20
3687,57,57,0,0,38
3688,56,56,0,0,39
3689,56,56,0,0,39
3690,56,56,0,0,39
3691,56,56,0,0,39
3692,56,56,0,0,38
3693,56,56,0,0,39
3694,56,56,0,0,39
3695,57,57,0,0,38
3696,57,57,0,0,38
3697,58,58,0,0,37
3698,59,59,0,0,36
3699,60,60,0,0,38
3700,60,60,0,0,38
3701,60,60,0,0,38
3702,60,60,0,0,37
3703,60,60,0,0,37
3704,60,60,0,0,37
3705,60,60,0,0,37
3706,60,60,0,0,34
3707,60,60,0,0,37
3708,60,60,0,0,37
3709,60,60,0,0,36
3710,60,60,0,0,38
3711,60,60,0,0,37
3712,60,60,0,0,36
3713,60,60,0,0,37
3714,60,60,0,0,38
3715,60,60,0,0,36
3716,61,61,0,0,37
3717,61,61,0,0,36
3718,59,59,0,0,38
3719,59,59,0,0,38
3720,59,59,0,0,37
3721,61,61,0,0,34
3722,61,61,0,0,37
3723,61,61,0,0,37
3724,62,62,0,0,34
3725,62,62,0,0,34
3726,61,61,0,0,32
3727,61,61,0,0,35
3728,61,61,0,0,32
3729,61,61,0,0,33
3730,61,61,0,0,33
3731,60,60,0,0,34
3732,60,60,0,0,37
3733,60,60,0,0,37
3734,60,60,0,0,26
